ticket_id,user_id,date,category,priority,resolution_time_hours,satisfaction_score
TKT_67879,555,2024-05-20,Account,High,35.81,3
TKT_96135,555,2024-02-14,Technical,High,59.35,3
TKT_91376,555,2024-05-17,Content,Medium,6.8,5
TKT_98014,287,2023-12-27,Account,Low,4.16,1
TKT_20939,287,2024-02-06,Billing,Low,27.02,2
TKT_55787,489,2023-03-10,Technical,Low,45.41,4
TKT_36475,489,2023-02-26,Content,Low,68.99,1
TKT_79871,356,2023-10-10,Account,Medium,18.58,1
TKT_95073,356,2024-01-04,Content,High,16.71,4
TKT_24406,626,2023-07-17,Billing,Medium,22.58,1
TKT_78410,8,2023-10-05,Content,High,19.23,1
TKT_60647,285,2023-04-19,Content,High,42.23,1
TKT_36907,285,2023-07-12,Technical,Medium,47.45,4
TKT_81921,285,2023-05-30,Billing,Medium,16.84,2
TKT_13040,265,2023-08-20,Billing,High,7.59,5
TKT_25345,265,2023-06-28,Billing,Low,64.69,2
TKT_33746,477,2023-12-10,Content,Medium,17.7,4
TKT_44800,477,2024-01-25,Content,Low,48.29,5
TKT_96027,477,2024-04-06,Billing,High,42.13,5
TKT_53298,290,2023-09-02,Content,Low,71.35,5
TKT_55397,290,2023-04-14,Content,Low,29.45,5
TKT_94077,290,2023-03-27,Technical,Medium,27.07,3
TKT_36859,714,2023-11-14,Billing,Medium,44.81,1
TKT_16119,714,2023-10-27,Billing,Low,68.87,4
TKT_52712,714,2023-11-12,Account,High,39.41,5
TKT_38304,93,2024-03-31,Technical,Low,7.09,4
TKT_32078,93,2024-03-02,Account,Medium,21.45,2
TKT_16315,93,2024-04-02,Account,Medium,1.21,5
TKT_13549,454,2024-01-13,Account,Medium,2.46,1
TKT_59218,454,2023-09-05,Account,Low,5.07,1
TKT_91768,454,2023-12-12,Account,Medium,7.95,3
TKT_13339,435,2024-01-14,Account,Medium,16.27,4
TKT_85919,435,2024-02-16,Content,Medium,50.03,5
TKT_87850,435,2024-01-23,Technical,Low,38.29,4
TKT_53550,320,2024-02-28,Content,High,69.48,3
TKT_76852,320,2023-12-21,Billing,Low,55.6,4
TKT_77366,220,2024-02-03,Billing,Low,34.3,5
TKT_92205,220,2023-12-21,Technical,Low,5.18,5
TKT_15218,220,2024-01-12,Technical,Low,35.83,5
TKT_65551,280,2023-10-16,Technical,Low,69.5,2
TKT_79610,276,2023-12-13,Billing,Low,46.92,5
TKT_25247,276,2024-03-03,Technical,High,32.23,4
TKT_22500,80,2023-06-27,Billing,Medium,71.82,3
TKT_44505,4,2024-01-01,Account,Medium,31.87,1
TKT_43287,4,2023-12-15,Technical,Medium,44.19,4
TKT_22119,353,2024-04-27,Technical,Medium,19.22,3
TKT_49495,353,2024-05-09,Account,High,48.19,3
TKT_61242,470,2024-01-30,Billing,Medium,41.73,5
TKT_96409,601,2023-12-01,Content,Low,50.18,5
TKT_49783,307,2024-02-05,Content,Medium,61.78,4
TKT_59039,684,2024-03-23,Technical,Low,30.89,2
TKT_69867,750,2023-06-27,Technical,High,70.31,1
TKT_62913,750,2023-05-18,Account,High,29.56,3
TKT_29889,750,2023-07-19,Content,High,22.12,1
TKT_52043,35,2023-05-17,Account,High,43.15,1
TKT_83061,396,2023-12-04,Billing,Low,71.86,3
TKT_17653,396,2023-12-10,Account,Medium,40.1,4
TKT_15586,708,2023-11-21,Account,High,37.32,1
TKT_29171,330,2023-11-04,Account,Low,55.25,4
TKT_32455,330,2024-01-14,Technical,High,46.88,3
TKT_64987,330,2023-11-15,Billing,Low,33.74,4
TKT_54998,187,2023-09-24,Content,High,5.78,2
TKT_22922,774,2023-08-27,Technical,Medium,47.55,3
TKT_10713,359,2023-08-21,Billing,High,71.1,5
TKT_36509,223,2023-10-13,Technical,High,45.57,1
TKT_52506,181,2023-12-05,Technical,Low,20.55,4
TKT_50484,593,2024-02-19,Billing,Medium,7.67,3
TKT_40467,593,2023-10-11,Billing,Low,25.15,3
TKT_38825,253,2023-11-11,Content,Medium,13.62,5
TKT_54496,253,2023-10-30,Technical,High,8.56,5
TKT_81162,253,2023-09-09,Technical,Low,27.89,5
TKT_55170,648,2023-03-20,Technical,High,62.8,5
TKT_57689,132,2023-12-07,Account,Low,27.85,2
TKT_90153,132,2024-03-18,Technical,High,4.35,2
TKT_66890,275,2023-08-15,Billing,Medium,1.22,5
TKT_53831,977,2023-11-16,Content,Medium,19.66,1
TKT_58192,856,2023-07-28,Billing,Low,8.37,5
TKT_35563,983,2023-09-19,Content,Low,61.7,1
TKT_19487,679,2024-04-10,Content,Medium,71.56,3
TKT_57933,679,2024-04-24,Account,Medium,53.32,5
TKT_29731,551,2023-06-01,Content,Low,30.18,1
TKT_73636,551,2023-03-23,Billing,High,10.68,2
TKT_58075,551,2023-05-14,Account,High,20.06,4
TKT_55155,773,2024-02-08,Technical,Low,71.61,1
TKT_34237,773,2023-12-06,Content,Low,10.16,4
TKT_60470,238,2023-06-17,Content,Low,71.15,2
TKT_56608,994,2024-05-06,Billing,High,45.2,4
TKT_30951,994,2024-04-19,Billing,Low,5.88,2
TKT_31193,994,2024-04-16,Account,Low,60.53,5
TKT_37828,745,2024-04-01,Billing,Medium,58.64,4
TKT_43641,745,2024-04-14,Technical,Low,46.04,1
TKT_22246,745,2024-05-09,Account,High,62.28,2
TKT_20196,384,2024-01-10,Billing,High,62.66,1
TKT_44394,122,2024-02-07,Account,Low,4.41,3
TKT_94973,122,2023-09-11,Billing,Medium,42.56,4
TKT_80102,122,2023-11-09,Account,High,25.59,1
TKT_88272,591,2024-05-12,Content,Low,34.52,2
TKT_79376,602,2023-10-23,Technical,High,65.31,5
TKT_54634,378,2023-06-20,Technical,Low,22.83,5
TKT_12912,327,2023-11-13,Account,Medium,43.5,4
TKT_70640,327,2023-09-26,Account,Medium,23.33,2
TKT_56203,327,2023-11-20,Technical,High,41.24,3
TKT_19558,942,2023-07-03,Technical,High,55.76,3
TKT_40993,942,2023-10-26,Content,Medium,19.58,1
TKT_14464,6,2023-06-06,Content,High,58.25,5
TKT_83140,772,2023-06-30,Technical,Low,12.6,3
TKT_45523,772,2023-11-20,Content,Medium,33.24,3
TKT_49815,772,2023-10-15,Content,High,29.05,5
TKT_49480,564,2024-03-03,Content,Low,50.67,2
TKT_92486,564,2024-01-14,Content,Medium,10.97,5
TKT_43649,564,2024-01-07,Technical,Medium,51.97,4
TKT_36605,668,2023-06-22,Billing,Medium,17.64,5
TKT_62850,715,2023-09-15,Content,High,29.16,2
TKT_88784,619,2023-08-11,Content,Medium,19.74,2
TKT_84855,461,2024-01-27,Billing,Low,32.35,1
TKT_71419,461,2023-11-08,Account,High,62.11,2
TKT_98655,495,2023-06-22,Account,High,2.87,5
TKT_38030,326,2024-04-16,Content,Medium,40.71,2
TKT_72767,326,2023-10-27,Content,Low,40.98,5
TKT_96415,326,2023-11-05,Technical,High,67.22,5
TKT_20991,829,2023-06-13,Technical,High,23.75,4
TKT_91580,829,2023-03-21,Content,High,46.34,3
TKT_11428,829,2023-04-16,Content,Low,28.78,1
TKT_99743,271,2023-10-06,Billing,Medium,30.43,4
TKT_53734,271,2024-01-18,Account,High,29.9,1
TKT_61468,506,2023-09-15,Technical,High,33.8,2
TKT_40152,506,2023-06-06,Billing,Medium,20.11,3
TKT_20916,140,2024-02-19,Content,High,43.78,3
TKT_95222,140,2024-01-13,Billing,Low,22.02,4
TKT_41996,735,2024-01-19,Content,Medium,24.03,3
TKT_21699,735,2023-11-26,Technical,High,11.1,1
TKT_78319,735,2024-05-01,Content,High,8.11,1
TKT_56909,557,2023-03-15,Technical,Low,40.31,5
TKT_40697,804,2024-05-05,Billing,High,50.8,2
TKT_15188,804,2023-12-13,Technical,High,68.77,3
TKT_75510,804,2023-11-22,Account,Medium,66.01,5
TKT_99088,124,2023-04-19,Account,High,15.29,5
TKT_82443,124,2023-05-18,Technical,Medium,51.23,4
TKT_99611,762,2023-06-02,Billing,High,1.51,4
TKT_39017,762,2023-09-19,Content,High,61.52,5
TKT_34285,971,2023-07-20,Content,High,59.87,3
TKT_12388,971,2023-09-05,Billing,Low,7.44,3
TKT_34759,971,2023-07-01,Billing,Low,12.49,2
TKT_36022,685,2024-03-07,Account,High,19.35,4
TKT_39183,685,2024-02-09,Account,Low,31.26,3
TKT_48072,462,2023-04-21,Billing,Low,45.72,3
TKT_33001,462,2023-06-15,Technical,Low,6.26,3
TKT_74721,29,2023-09-19,Technical,Low,64.17,3
TKT_51978,29,2023-06-13,Technical,Low,8.16,5
TKT_51577,439,2023-12-19,Billing,Low,28.51,5
TKT_58154,439,2023-12-01,Billing,Medium,69.66,2
TKT_17049,434,2023-08-15,Account,Low,11.56,5
TKT_46952,434,2023-09-12,Technical,High,11.63,5
TKT_83275,434,2023-10-16,Account,Medium,36.89,5
TKT_14081,183,2023-11-10,Account,High,49.17,2
TKT_47368,355,2023-06-12,Content,High,14.89,3
TKT_96539,355,2023-04-29,Technical,High,71.7,1
TKT_22530,355,2023-05-20,Account,Low,47.34,1
TKT_31216,811,2023-09-29,Account,Medium,51.09,1
TKT_96349,811,2023-04-30,Content,Low,14.01,5
TKT_68005,731,2023-10-13,Technical,High,65.59,4
TKT_83524,731,2024-04-16,Billing,Low,67.1,5
TKT_23146,1,2024-04-22,Content,High,2.76,3
TKT_32368,1,2024-01-31,Content,High,54.76,5
TKT_15773,107,2024-04-03,Content,Low,55.51,4
TKT_44115,107,2023-11-19,Billing,High,37.37,5
TKT_85547,723,2023-09-03,Content,Low,23.95,4
TKT_87173,723,2023-10-05,Technical,Low,43.0,2
TKT_86325,440,2023-10-20,Billing,High,5.48,5
TKT_46956,440,2023-09-23,Billing,Medium,50.61,4
TKT_40114,178,2023-04-18,Billing,High,50.1,5
TKT_71727,178,2023-05-07,Billing,Medium,8.28,3
TKT_85555,178,2023-08-03,Technical,High,22.44,4
TKT_69863,192,2023-09-14,Content,Low,31.77,2
TKT_68275,192,2023-11-27,Content,Medium,53.18,4
TKT_64940,27,2023-05-05,Technical,High,32.47,4
TKT_41005,27,2023-04-23,Account,Low,47.37,1
TKT_63060,27,2023-03-03,Content,High,58.57,2
TKT_74777,308,2023-11-26,Billing,Medium,38.07,3
TKT_81780,308,2024-03-12,Technical,Medium,29.88,2
TKT_36741,200,2023-10-17,Technical,Medium,7.23,1
TKT_13548,200,2023-05-03,Technical,High,66.6,5
TKT_25364,676,2023-06-04,Content,High,48.35,1
TKT_20035,676,2023-06-22,Billing,Low,7.37,2
TKT_20704,676,2023-04-25,Account,Medium,34.19,5
TKT_99986,853,2024-03-05,Account,High,31.97,5
TKT_34748,460,2023-03-28,Billing,Low,53.46,2
TKT_52220,460,2023-04-29,Technical,Medium,61.76,4
TKT_76705,455,2023-02-27,Billing,High,36.36,5
TKT_70469,455,2023-04-12,Content,Medium,20.11,2
TKT_47762,455,2023-06-09,Technical,Medium,20.49,3
TKT_17963,128,2024-03-26,Technical,Medium,45.34,1
TKT_51733,128,2024-05-08,Content,Medium,29.8,5
TKT_27248,128,2024-05-07,Billing,Medium,56.03,2
TKT_29546,266,2023-08-30,Technical,Low,50.76,5
TKT_67366,266,2023-10-17,Billing,High,63.44,2
TKT_49658,266,2023-06-27,Content,Medium,17.37,4
TKT_81950,628,2023-05-26,Technical,High,64.44,1
TKT_36362,628,2023-11-07,Content,Medium,50.73,5
TKT_28142,887,2023-06-12,Content,Medium,1.14,2
TKT_77834,887,2023-09-24,Technical,Medium,50.15,4
TKT_46165,887,2023-10-20,Content,Low,49.61,3
TKT_17239,293,2024-05-11,Content,Medium,33.35,1
TKT_40728,293,2024-03-07,Account,High,44.0,4
TKT_66530,562,2023-01-20,Billing,High,55.69,2
TKT_99582,562,2023-03-20,Technical,Low,69.02,1
TKT_99382,562,2023-01-19,Technical,High,34.55,1
TKT_73140,488,2024-05-12,Technical,High,20.03,3
TKT_51093,488,2024-05-10,Technical,Low,44.28,2
TKT_25852,169,2023-04-13,Technical,High,39.88,4
TKT_36843,289,2023-05-27,Content,High,59.17,2
TKT_29592,289,2023-11-21,Technical,Low,36.14,2
TKT_43953,289,2023-08-08,Technical,Medium,6.07,4
TKT_38085,531,2024-01-10,Billing,Medium,54.78,5
TKT_45523,257,2023-07-01,Technical,High,12.65,2
TKT_33128,257,2023-03-03,Content,Medium,54.56,4
TKT_88868,257,2023-03-01,Account,Low,4.22,1
TKT_35795,599,2023-05-18,Technical,Low,18.03,2
TKT_51681,599,2023-05-30,Technical,Low,56.32,3
TKT_56816,599,2023-07-24,Content,Medium,32.71,2
TKT_16720,133,2023-04-15,Content,High,65.48,5
TKT_44520,133,2023-08-12,Content,Low,65.51,3
TKT_69302,913,2024-06-14,Technical,Low,16.5,3
TKT_57807,913,2024-05-02,Billing,High,16.05,4
TKT_39139,913,2024-02-29,Technical,High,4.58,1
TKT_10580,120,2024-02-25,Technical,Low,46.37,4
TKT_41872,120,2024-01-12,Account,High,48.16,4
TKT_56626,357,2023-11-04,Account,Medium,68.8,3
TKT_40719,357,2023-10-25,Technical,Low,24.6,2
TKT_75380,177,2023-10-01,Billing,Low,18.51,5
TKT_98460,177,2023-10-21,Billing,Medium,32.01,3
TKT_70096,177,2024-01-28,Account,Low,68.59,2
TKT_78746,532,2023-08-24,Billing,Low,53.76,1
TKT_89377,532,2023-06-14,Account,Low,20.87,1
TKT_56291,775,2023-12-02,Technical,Low,19.61,2
TKT_69578,775,2024-01-07,Content,Medium,9.22,4
TKT_42171,775,2023-12-28,Account,Low,4.86,4
TKT_12981,702,2024-01-13,Billing,Low,32.68,3
TKT_61308,702,2023-10-13,Account,Medium,62.95,4
TKT_58283,702,2023-09-21,Billing,Low,64.18,4
TKT_48940,695,2024-01-28,Content,High,43.94,5
TKT_83879,695,2024-03-21,Billing,High,35.86,1
TKT_62240,695,2024-05-09,Account,High,35.91,5
TKT_12378,244,2024-01-08,Technical,Medium,70.87,5
TKT_98409,944,2023-08-22,Billing,Low,40.76,2
TKT_79919,331,2023-03-13,Account,Low,56.34,3
TKT_12392,331,2023-08-05,Technical,High,45.4,1
TKT_11280,770,2023-06-11,Technical,Medium,20.13,1
TKT_38841,436,2024-01-03,Billing,Low,67.15,5
TKT_13779,563,2024-02-08,Content,High,64.85,5
TKT_90798,563,2023-09-11,Account,High,26.91,5
TKT_28104,137,2023-07-14,Technical,High,42.41,4
TKT_15111,137,2023-09-28,Technical,High,17.71,5
TKT_37612,746,2024-03-02,Billing,High,3.77,2
TKT_46232,746,2023-11-29,Account,Medium,40.89,2
TKT_39173,746,2023-12-02,Billing,Medium,42.09,5
TKT_61501,53,2023-12-15,Account,Low,34.21,4
TKT_90258,53,2024-01-23,Account,Medium,20.35,3
TKT_25728,574,2023-09-06,Content,Low,4.0,3
TKT_97674,574,2023-10-27,Technical,Medium,56.25,2
TKT_53809,574,2023-11-11,Account,Low,2.05,1
TKT_16090,49,2023-09-16,Account,Low,24.96,3
TKT_39393,49,2023-04-22,Billing,Low,12.46,4
TKT_73543,49,2023-04-24,Content,Low,9.14,3
TKT_97396,521,2023-05-10,Technical,Low,5.9,1
TKT_39046,180,2024-02-14,Content,Low,52.7,4
TKT_81059,180,2024-02-05,Technical,Medium,33.8,3
TKT_67563,180,2024-05-05,Technical,Medium,32.29,1
TKT_76706,22,2023-11-29,Content,Medium,2.89,2
TKT_49479,22,2024-01-01,Account,High,24.53,4
TKT_17985,22,2023-09-17,Account,High,17.49,5
TKT_88048,742,2023-09-17,Account,Low,31.32,3
TKT_62500,742,2023-10-20,Technical,High,9.93,1
TKT_35301,486,2023-05-04,Account,Low,24.12,5
TKT_81266,486,2023-01-02,Billing,Low,56.53,1
TKT_71720,657,2024-02-15,Technical,Low,71.43,5
TKT_63558,515,2023-10-14,Technical,Medium,46.4,1
TKT_73526,5,2023-08-09,Billing,Low,65.72,2
TKT_17412,5,2023-06-13,Billing,High,15.12,5
TKT_29672,5,2023-09-12,Technical,Medium,70.07,3
TKT_58385,609,2023-07-23,Content,High,50.24,3
TKT_47119,609,2023-11-22,Account,Low,32.5,4
TKT_88604,609,2023-11-07,Technical,Medium,21.07,4
TKT_99920,514,2023-09-26,Account,Low,33.35,1
TKT_61371,514,2023-07-06,Account,Medium,41.36,5
TKT_44190,514,2023-09-30,Technical,Low,49.35,4
TKT_71916,527,2023-12-30,Account,High,70.13,2
TKT_59261,970,2023-11-22,Billing,High,10.29,5
TKT_81382,176,2023-05-05,Account,High,62.03,4
TKT_88657,37,2023-06-09,Billing,Low,36.52,1
TKT_20807,37,2023-07-17,Technical,Medium,16.43,5
TKT_57885,37,2023-06-30,Account,Medium,6.32,2
TKT_32343,595,2023-03-06,Content,High,8.25,2
TKT_51539,595,2023-03-12,Account,Low,57.59,5
TKT_40122,848,2024-02-19,Account,High,14.01,5
TKT_75542,848,2024-01-23,Content,Low,52.4,1
TKT_27386,891,2023-06-14,Billing,Low,19.84,2
TKT_19118,365,2023-10-22,Technical,High,55.1,1
TKT_73107,182,2023-09-12,Account,High,30.74,4
TKT_13408,642,2023-11-12,Technical,Low,35.8,5
TKT_44929,642,2024-03-29,Billing,High,44.27,4
TKT_20534,642,2023-12-19,Technical,Medium,30.53,5
TKT_24723,118,2023-09-11,Content,High,47.36,5
TKT_59911,118,2023-11-03,Account,High,44.64,1
TKT_52773,864,2023-04-05,Billing,High,11.89,5
TKT_45627,864,2023-07-24,Account,Medium,18.73,5
TKT_21951,864,2023-04-17,Content,Low,27.5,4
TKT_99573,663,2023-11-25,Content,High,58.26,5
TKT_43053,663,2023-11-05,Billing,Low,4.34,4
TKT_32884,663,2023-12-14,Account,High,58.79,5
TKT_31573,721,2024-04-15,Technical,Medium,34.55,3
TKT_26876,721,2023-12-28,Technical,Medium,44.81,1
TKT_30513,721,2024-06-02,Technical,Medium,12.98,3
TKT_84724,821,2023-07-22,Content,Medium,45.39,2
TKT_11751,821,2023-07-23,Account,High,23.52,2
TKT_66091,608,2023-10-28,Account,Medium,11.54,5
TKT_67898,608,2023-11-29,Account,High,14.58,1
TKT_20550,281,2023-11-21,Account,Low,39.59,4
TKT_33726,281,2023-12-19,Account,Medium,45.13,3
TKT_85805,786,2023-08-15,Billing,Medium,15.81,2
TKT_24596,148,2024-05-11,Account,Medium,20.47,1
TKT_19033,201,2023-12-22,Content,High,48.42,3
TKT_13326,651,2023-09-02,Technical,High,6.67,5
TKT_60112,651,2023-09-30,Content,Low,48.24,3
TKT_46801,354,2024-02-27,Content,Low,70.64,3
TKT_33540,354,2024-03-11,Technical,High,16.9,3
TKT_62631,354,2024-04-16,Billing,High,10.5,5
TKT_18393,696,2024-02-10,Billing,High,35.62,3
TKT_63232,902,2024-01-29,Technical,Medium,45.14,5
TKT_16053,902,2024-02-24,Content,High,18.98,1
TKT_10782,902,2023-12-19,Content,Low,24.95,1
TKT_89460,503,2024-03-21,Technical,Low,32.06,4
TKT_14373,503,2024-01-02,Content,Medium,29.19,1
TKT_99413,579,2024-02-21,Account,Low,55.42,4
TKT_16572,579,2024-01-23,Account,Medium,71.79,5
TKT_71963,84,2023-11-23,Account,High,67.25,1
TKT_64952,84,2024-01-22,Billing,High,29.73,1
TKT_81982,217,2024-01-08,Account,Medium,46.72,4
TKT_20944,51,2023-11-26,Account,High,33.13,5
TKT_51687,748,2023-04-04,Account,Medium,64.57,4
TKT_62012,748,2023-01-24,Billing,High,55.66,3
TKT_82366,161,2023-05-18,Technical,Medium,39.36,3
TKT_47169,161,2023-06-07,Technical,Low,61.6,3
TKT_20787,161,2023-05-10,Billing,High,59.53,4
TKT_71968,502,2023-05-08,Account,Low,65.86,3
TKT_31214,502,2023-07-07,Account,Medium,64.03,5
TKT_20652,798,2024-05-14,Billing,Medium,9.93,5
TKT_13475,798,2024-02-05,Billing,High,24.13,4
TKT_23361,798,2024-02-27,Account,High,55.08,3
TKT_15121,857,2023-10-28,Account,High,29.53,3
TKT_36341,857,2023-12-07,Technical,Low,35.42,3
TKT_80612,857,2024-01-09,Technical,High,37.97,2
TKT_21652,134,2023-11-27,Content,High,18.68,2
TKT_77006,948,2024-01-31,Content,High,49.69,5
TKT_32787,948,2024-04-28,Billing,Medium,31.5,3
TKT_75535,828,2023-12-02,Account,High,55.59,1
TKT_12810,12,2023-05-04,Technical,High,67.23,1
TKT_12567,12,2023-05-09,Technical,Low,54.07,4
TKT_21801,12,2023-08-11,Account,High,1.93,5
TKT_50427,172,2023-10-21,Billing,Medium,70.07,2
TKT_73735,172,2023-12-21,Account,Medium,1.25,5
TKT_31208,323,2023-11-12,Content,Low,54.82,2
TKT_85221,323,2023-06-04,Billing,Medium,68.92,3
TKT_52951,89,2023-08-07,Technical,Medium,6.19,5
TKT_61691,24,2024-01-08,Billing,Medium,12.87,2
TKT_34895,24,2024-03-02,Technical,High,2.77,1
TKT_15824,16,2023-08-20,Billing,Medium,33.73,3
TKT_61936,16,2023-05-16,Billing,High,16.69,5
TKT_85302,815,2023-11-03,Billing,Medium,53.78,1
TKT_81775,815,2023-12-22,Technical,Low,66.93,2
TKT_51793,689,2023-10-22,Technical,Medium,43.5,4
TKT_74228,823,2023-07-20,Content,Low,46.33,2
TKT_23708,174,2023-12-28,Content,Low,27.96,5
TKT_63523,174,2024-04-04,Account,High,49.66,5
TKT_89893,491,2023-03-06,Account,High,62.94,2
TKT_68360,613,2023-08-18,Account,Low,12.31,5
TKT_91840,613,2023-09-28,Account,Low,63.98,3
TKT_95920,613,2023-10-15,Billing,Low,11.02,5
TKT_20609,575,2023-10-23,Content,High,43.04,5
TKT_26932,575,2023-08-28,Content,Low,63.84,3
TKT_57884,575,2023-10-25,Technical,Low,6.96,5
TKT_45596,932,2023-12-19,Account,Low,24.91,5
TKT_43579,932,2023-11-30,Content,High,48.04,5
TKT_51031,370,2023-08-27,Technical,Low,1.32,1
TKT_36847,475,2024-05-18,Account,Low,45.84,1
TKT_93252,475,2024-01-08,Account,Low,61.18,2
TKT_28506,475,2023-11-23,Billing,Low,3.41,4
TKT_89790,586,2024-02-17,Account,Medium,11.24,1
TKT_78978,586,2023-10-31,Content,High,31.64,3
TKT_55488,586,2023-11-29,Content,High,31.78,5
TKT_33961,585,2024-01-05,Technical,High,4.92,3
TKT_47121,585,2024-02-06,Billing,Medium,7.28,3
TKT_38155,525,2023-07-03,Technical,High,16.37,4
TKT_85154,525,2023-09-07,Billing,Medium,71.25,4
TKT_77679,539,2023-08-08,Account,Low,51.76,3
TKT_78742,539,2023-08-29,Technical,High,45.92,5
TKT_53749,254,2023-11-24,Billing,Medium,63.23,2
TKT_49867,254,2023-06-22,Account,Medium,2.65,3
TKT_35609,254,2023-10-20,Billing,High,68.39,4
TKT_42592,341,2024-03-23,Technical,Medium,25.34,5
TKT_50235,901,2024-02-26,Technical,High,17.63,4
TKT_54210,972,2023-07-08,Billing,Medium,62.91,2
TKT_37644,757,2024-04-25,Account,Low,65.0,2
TKT_10372,757,2024-02-09,Billing,Medium,64.6,4
TKT_73274,976,2024-03-06,Content,Low,18.68,1
TKT_52824,976,2024-04-21,Content,Low,39.44,2
TKT_86653,893,2023-11-06,Account,Low,60.98,1
TKT_46208,834,2023-10-20,Content,Low,16.46,3
TKT_15665,834,2024-04-27,Billing,High,42.71,2
TKT_15377,834,2023-12-19,Account,High,2.4,5
TKT_76037,173,2023-09-02,Content,High,38.4,3
TKT_78343,173,2023-08-13,Content,Low,12.56,2
TKT_61137,442,2024-02-01,Content,Medium,24.83,4
TKT_48437,442,2024-04-25,Content,Low,42.27,4
TKT_13022,974,2023-12-06,Billing,High,15.92,3
TKT_63453,974,2023-10-13,Account,Medium,44.29,2
TKT_32686,954,2023-10-06,Billing,Medium,28.36,5
TKT_35021,920,2023-04-09,Billing,Medium,44.24,4
TKT_47715,920,2023-03-15,Technical,High,2.54,2
TKT_69839,175,2023-05-21,Account,Medium,45.22,1
TKT_43220,175,2023-04-15,Billing,Medium,42.86,5
TKT_37937,175,2023-06-07,Account,Low,54.56,1
TKT_93795,960,2023-11-10,Content,Low,16.48,4
TKT_92799,960,2023-10-06,Content,Medium,70.78,4
TKT_66941,833,2023-03-18,Content,High,26.28,2
TKT_56686,565,2024-01-14,Content,High,57.44,5
TKT_18890,565,2024-02-23,Content,High,46.21,5
TKT_38716,850,2023-07-01,Billing,High,18.38,4
TKT_76878,850,2023-09-06,Content,High,67.1,3
TKT_98657,850,2023-08-16,Content,High,62.36,5
TKT_36138,665,2023-11-01,Account,High,34.19,1
TKT_12764,665,2023-10-10,Account,Medium,2.67,4
TKT_22995,665,2023-05-24,Content,Medium,26.83,1
TKT_49192,480,2024-05-04,Billing,High,38.0,5
TKT_21323,485,2023-06-12,Content,High,38.47,1
TKT_73962,485,2023-06-02,Billing,High,36.7,2
TKT_11027,658,2023-07-07,Billing,High,14.21,4
TKT_38023,658,2023-07-20,Billing,Medium,54.84,2
TKT_44185,658,2023-08-25,Technical,Low,28.71,3
TKT_22651,33,2023-06-10,Account,High,55.55,4
TKT_89967,33,2023-09-07,Billing,Medium,19.86,3
TKT_29945,33,2023-12-05,Account,High,56.89,1
TKT_68655,13,2023-08-27,Billing,High,53.13,2
TKT_42411,13,2023-11-29,Technical,Medium,51.15,1
TKT_72107,13,2023-12-07,Technical,Low,25.15,4
TKT_28361,239,2023-09-13,Billing,Low,18.05,1
TKT_49230,239,2023-05-28,Billing,Medium,30.09,3
TKT_68046,493,2023-05-23,Technical,Low,53.34,3
TKT_18739,547,2023-03-20,Billing,High,50.12,4
TKT_95452,547,2023-01-30,Billing,High,39.15,5
TKT_12620,915,2023-12-12,Content,Medium,66.47,3
TKT_24319,837,2024-01-30,Billing,Low,70.04,2
TKT_48312,837,2024-03-13,Account,Low,69.09,5
TKT_75487,837,2024-05-09,Technical,Medium,59.44,2
TKT_12800,109,2024-01-29,Content,Medium,50.17,4
TKT_43312,109,2023-11-29,Account,Low,47.13,4
TKT_92567,997,2023-03-30,Content,Low,30.04,1
TKT_21553,997,2023-04-14,Content,Medium,65.23,2
TKT_90694,997,2023-09-05,Content,High,47.15,4
TKT_12954,789,2023-08-10,Account,High,61.37,3
TKT_46309,389,2023-10-27,Content,High,22.39,2
TKT_31183,389,2023-07-20,Account,High,35.33,4
TKT_10759,389,2023-12-09,Technical,Low,40.33,1
TKT_66856,556,2023-10-11,Account,Low,24.84,4
TKT_35158,556,2023-08-30,Content,Medium,65.06,3
TKT_87168,336,2024-02-26,Billing,Medium,32.24,3
TKT_18564,152,2023-09-07,Billing,High,14.65,4
TKT_46265,152,2023-09-24,Content,Low,60.24,4
TKT_12541,152,2023-08-28,Content,Low,24.55,3
TKT_40024,301,2023-08-09,Account,Low,24.97,3
TKT_69802,301,2023-11-14,Technical,Medium,70.99,4
TKT_76806,391,2024-04-20,Technical,Low,12.45,3
TKT_38986,391,2024-05-31,Content,Low,14.08,2
TKT_68450,391,2024-03-07,Content,High,29.08,5
TKT_40153,14,2023-05-02,Content,Medium,63.08,2
TKT_54498,519,2023-01-18,Account,High,51.57,3
TKT_31319,519,2023-02-20,Technical,Low,61.3,2
TKT_14397,523,2023-05-22,Content,Low,46.01,2
TKT_46861,523,2023-10-27,Technical,Low,14.33,5
TKT_93963,523,2023-09-10,Technical,High,22.42,2
TKT_17121,576,2023-09-19,Technical,Low,23.28,4
TKT_81177,576,2023-11-11,Technical,Medium,27.81,5
TKT_34736,600,2023-10-05,Account,Medium,37.05,5
TKT_90783,600,2023-07-11,Billing,High,41.97,5
TKT_24970,379,2023-10-31,Technical,High,46.67,3
TKT_51313,379,2023-10-24,Content,Low,50.43,5
TKT_75273,379,2023-11-17,Account,Low,35.9,3
TKT_30468,590,2024-01-31,Technical,Low,36.75,5
TKT_96159,590,2024-03-26,Account,Low,29.23,4
TKT_40091,590,2024-02-23,Technical,Medium,14.12,5
TKT_20710,166,2023-08-19,Billing,Medium,19.43,1
TKT_32575,691,2023-09-19,Content,High,57.35,4
TKT_56692,691,2023-05-13,Content,High,41.74,1
TKT_44164,52,2023-12-23,Billing,Medium,27.36,3
TKT_62001,52,2023-11-07,Content,Low,70.38,4
TKT_99689,52,2023-11-04,Content,High,64.28,4
TKT_55669,1000,2023-09-13,Billing,Low,37.46,3
TKT_64162,1000,2023-10-19,Technical,High,16.35,3
TKT_52625,335,2024-04-08,Account,Medium,8.71,5
TKT_30298,335,2023-12-16,Technical,Low,43.17,3
TKT_62574,335,2024-03-10,Billing,Medium,41.3,4
TKT_57714,889,2024-01-21,Account,Low,12.91,5
TKT_99574,889,2023-12-03,Technical,Low,55.93,3
TKT_50928,367,2023-02-27,Account,Medium,57.71,4
TKT_36829,367,2023-07-01,Technical,Medium,48.73,5
TKT_94228,87,2024-01-20,Technical,Medium,68.85,3
TKT_96223,911,2024-04-09,Technical,High,4.39,2
TKT_20520,911,2023-11-16,Account,High,47.81,4
TKT_44593,911,2024-02-17,Content,Medium,38.22,4
TKT_36136,144,2024-03-18,Technical,Low,33.48,5
TKT_22730,144,2023-12-16,Account,High,18.98,1
TKT_81902,144,2024-05-11,Technical,Medium,54.46,4
TKT_76105,662,2023-12-03,Account,High,5.04,1
TKT_39921,662,2024-02-07,Account,Medium,68.62,1
TKT_45634,662,2024-02-09,Billing,High,5.59,5
TKT_88849,764,2023-09-14,Content,High,56.98,1
TKT_47834,764,2023-10-31,Technical,Medium,6.67,2
TKT_68181,764,2023-08-05,Content,Low,22.06,1
TKT_78662,427,2023-12-14,Content,High,41.17,2
TKT_13926,393,2023-11-13,Billing,Low,53.77,3
TKT_99586,393,2023-11-11,Content,Low,65.52,5
TKT_25280,393,2023-12-11,Billing,Low,23.11,5
TKT_62693,47,2023-06-23,Billing,Low,64.12,2
TKT_57024,23,2024-02-14,Content,High,47.49,5
TKT_93848,23,2024-03-10,Account,Low,29.42,2
TKT_95503,23,2023-10-02,Content,Low,37.35,1
TKT_67337,587,2023-04-29,Account,Low,20.07,2
TKT_85778,587,2023-07-15,Content,High,32.88,1
TKT_52231,587,2023-03-03,Content,High,4.27,4
TKT_95606,598,2023-11-17,Technical,Low,61.51,5
TKT_46687,598,2024-02-15,Account,Medium,68.31,1
TKT_64876,639,2024-01-05,Content,High,50.27,3
TKT_33032,639,2023-07-25,Billing,Low,17.89,5
TKT_14578,639,2023-10-11,Content,High,64.54,2
TKT_61363,736,2023-04-13,Technical,Medium,11.17,3
TKT_61295,736,2023-05-08,Content,High,69.42,2
TKT_24533,468,2023-07-26,Technical,High,57.47,5
TKT_17573,468,2023-11-02,Content,Medium,8.29,4
TKT_76441,707,2023-10-20,Content,Medium,53.03,3
TKT_15858,297,2023-08-06,Billing,High,31.57,4
TKT_44985,297,2023-05-02,Account,High,44.3,5
TKT_77178,297,2023-06-03,Content,Medium,52.29,1
TKT_75937,592,2023-09-27,Content,High,66.18,4
TKT_67601,592,2023-10-05,Content,Low,53.07,3
TKT_54051,288,2023-09-21,Technical,High,15.85,2
TKT_61215,288,2023-11-09,Billing,High,41.52,2
TKT_59554,288,2023-06-30,Billing,Low,56.71,4
TKT_58646,113,2023-10-09,Account,High,57.36,3
TKT_34808,106,2023-08-05,Account,High,15.18,5
TKT_38651,453,2023-08-28,Account,Low,34.18,5
TKT_80536,734,2023-12-18,Billing,Medium,21.23,4
TKT_29213,734,2023-10-26,Billing,Medium,60.41,3
TKT_59524,383,2023-05-14,Content,Medium,28.68,4
TKT_37493,383,2023-08-30,Account,Low,70.25,5
TKT_24857,597,2023-12-26,Technical,High,11.15,2
TKT_37630,597,2023-07-31,Billing,Medium,69.73,2
TKT_17425,597,2023-07-10,Technical,Medium,43.21,5
TKT_14019,64,2023-02-18,Content,High,39.13,5
TKT_38168,64,2023-07-04,Account,High,4.26,1
TKT_40375,64,2023-02-15,Technical,Medium,55.82,5
TKT_74791,241,2023-04-07,Account,High,53.3,5
TKT_20591,241,2023-02-12,Technical,High,10.22,5
TKT_91145,241,2023-03-16,Technical,Low,5.82,2
TKT_47461,416,2023-12-29,Content,Medium,63.65,1
TKT_82394,416,2024-06-12,Content,Low,66.6,4
TKT_88895,303,2023-07-23,Billing,Low,70.72,5
TKT_80589,303,2023-06-17,Technical,Low,62.99,4
TKT_65382,303,2023-10-04,Content,High,18.01,2
TKT_39394,513,2024-01-06,Billing,Low,39.97,1
TKT_99809,513,2024-02-14,Technical,Low,40.91,2
TKT_69767,501,2023-08-21,Technical,High,29.73,3
TKT_18187,501,2023-08-14,Content,Medium,48.8,1
TKT_57815,255,2023-04-22,Account,Low,65.34,3
TKT_24114,255,2023-06-25,Billing,High,6.31,4
TKT_89894,255,2023-08-06,Content,High,64.77,5
TKT_40927,483,2023-11-29,Billing,High,45.05,5
TKT_54950,129,2024-02-29,Technical,High,47.12,1
TKT_15081,129,2023-09-16,Billing,Low,35.14,2
TKT_28569,129,2023-10-07,Account,Medium,71.75,4
TKT_14537,990,2023-04-27,Billing,High,64.21,3
TKT_26203,990,2023-05-05,Billing,High,68.2,2
TKT_45313,990,2023-05-15,Content,Low,25.09,4
TKT_44959,980,2023-12-09,Content,Low,58.32,5
TKT_81949,980,2024-01-27,Content,Medium,54.16,1
TKT_86514,629,2023-06-20,Technical,High,48.59,2
TKT_89035,690,2023-11-02,Billing,Medium,32.18,1
TKT_11389,957,2023-04-10,Content,High,18.04,5
TKT_85773,957,2023-07-09,Technical,Low,69.83,1
TKT_97753,957,2023-03-25,Technical,Medium,11.25,1
TKT_61123,869,2024-04-23,Technical,Low,4.98,4
TKT_30665,869,2024-06-02,Account,High,21.83,1
TKT_71344,885,2024-04-01,Account,High,66.39,5
TKT_21456,885,2024-03-19,Account,Medium,46.0,4
TKT_34506,885,2024-05-31,Account,Low,52.4,1
TKT_86901,150,2024-01-17,Account,Medium,57.31,5
TKT_21549,150,2024-05-13,Billing,Low,49.88,3
TKT_13808,324,2023-11-04,Technical,Medium,66.38,2
TKT_60712,617,2023-04-18,Content,Low,9.22,4
TKT_52599,760,2023-04-19,Billing,Medium,64.01,5
TKT_13426,760,2023-07-18,Billing,Medium,44.23,4
TKT_57801,760,2023-03-15,Content,Medium,41.04,3
TKT_49396,437,2023-07-14,Content,High,71.99,4
TKT_43981,765,2023-04-17,Technical,Low,54.94,4
TKT_12864,765,2023-06-06,Account,High,39.56,4
TKT_26630,765,2023-07-07,Account,Low,12.44,5
TKT_25159,286,2023-06-14,Technical,Low,49.19,3
TKT_95473,286,2023-08-19,Billing,Low,49.52,1
TKT_72956,534,2024-01-16,Account,Low,2.99,2
TKT_81134,209,2023-10-19,Technical,Low,24.48,1
TKT_71400,958,2023-09-10,Content,High,6.87,3
TKT_16985,958,2023-11-26,Technical,Low,37.03,4
TKT_22548,235,2023-06-11,Account,Low,23.12,3
TKT_49900,139,2024-01-16,Billing,High,54.42,5
TKT_29822,139,2024-04-15,Content,Medium,48.17,4
