user_id,email,age,gender,country,city,signup_date,acquisition_channel,device_type,payment_method
1,user1@email.com,25,M,CA,City_32,2023-11-24,Paid Search,Desktop,Debit Card
2,user2@email.com,61,Other,DE,City_12,2023-02-22,Referral,Mobile,Credit Card
3,user3@email.com,31,M,DE,City_78,2023-02-17,Organic,Desktop,Debit Card
4,user4@email.com,62,Other,AU,City_29,2023-11-29,Referral,Smart TV,Credit Card
5,user5@email.com,62,F,CA,City_36,2023-03-23,Paid Search,Desktop,PayPal
6,user6@email.com,23,F,US,City_46,2023-02-22,Social Media,Smart TV,Credit Card
7,user7@email.com,52,M,AU,City_11,2023-08-24,Social Media,Smart TV,Debit Card
8,user8@email.com,63,M,US,City_85,2023-04-09,Paid Search,Smart TV,Credit Card
9,user9@email.com,24,F,CA,City_59,2023-04-30,Social Media,Desktop,PayPal
10,user10@email.com,31,Other,CA,City_90,2023-07-01,Organic,Desktop,Debit Card
11,user11@email.com,28,F,AU,City_35,2023-05-06,Paid Search,Smart TV,Credit Card
12,user12@email.com,20,F,AU,City_35,2023-04-28,Organic,Desktop,Debit Card
13,user13@email.com,31,Other,AU,City_51,2023-06-11,Referral,Desktop,PayPal
14,user14@email.com,33,Other,DE,City_69,2023-03-13,Social Media,Tablet,Debit Card
15,user15@email.com,41,M,UK,City_66,2023-07-24,Referral,Mobile,Credit Card
16,user16@email.com,27,Other,UK,City_88,2023-02-26,Referral,Mobile,PayPal
17,user17@email.com,56,F,DE,City_33,2023-07-15,Organic,Mobile,Debit Card
18,user18@email.com,35,Other,CA,City_15,2023-10-02,Social Media,Tablet,Credit Card
19,user19@email.com,18,Other,CA,City_65,2023-08-21,Paid Search,Mobile,Debit Card
20,user20@email.com,58,Other,DE,City_26,2023-06-02,Paid Search,Smart TV,Credit Card
21,user21@email.com,51,M,DE,City_42,2023-10-04,Referral,Mobile,Credit Card
22,user22@email.com,37,M,US,City_31,2023-07-05,Organic,Mobile,Debit Card
23,user23@email.com,22,Other,UK,City_17,2023-09-06,Referral,Desktop,PayPal
24,user24@email.com,56,F,UK,City_70,2023-09-28,Paid Search,Smart TV,PayPal
25,user25@email.com,59,F,AU,City_67,2023-12-10,Referral,Mobile,Credit Card
26,user26@email.com,22,F,US,City_76,2023-04-26,Paid Search,Desktop,Credit Card
27,user27@email.com,63,Other,US,City_30,2023-02-06,Organic,Mobile,PayPal
28,user28@email.com,50,M,CA,City_86,2023-02-06,Referral,Desktop,Debit Card
29,user29@email.com,64,Other,DE,City_61,2023-03-09,Paid Search,Tablet,PayPal
30,user30@email.com,24,M,AU,City_46,2023-04-08,Referral,Tablet,PayPal
31,user31@email.com,61,Other,US,City_8,2023-01-28,Referral,Smart TV,Credit Card
32,user32@email.com,30,M,DE,City_58,2023-05-08,Paid Search,Tablet,Credit Card
33,user33@email.com,47,M,US,City_57,2023-05-23,Organic,Mobile,Debit Card
34,user34@email.com,18,M,UK,City_22,2023-10-04,Referral,Tablet,PayPal
35,user35@email.com,43,M,UK,City_49,2023-04-20,Organic,Tablet,PayPal
36,user36@email.com,36,F,DE,City_85,2023-08-21,Referral,Desktop,Credit Card
37,user37@email.com,31,M,DE,City_95,2023-06-01,Organic,Smart TV,Credit Card
38,user38@email.com,55,F,DE,City_68,2023-01-26,Paid Search,Mobile,Debit Card
39,user39@email.com,29,M,DE,City_9,2023-02-11,Paid Search,Tablet,Credit Card
40,user40@email.com,33,Other,DE,City_6,2023-10-19,Organic,Tablet,Debit Card
41,user41@email.com,54,Other,CA,City_34,2023-10-26,Paid Search,Smart TV,Credit Card
42,user42@email.com,43,M,CA,City_59,2023-05-16,Social Media,Mobile,Credit Card
43,user43@email.com,57,Other,US,City_10,2023-08-23,Paid Search,Smart TV,Credit Card
44,user44@email.com,22,M,CA,City_37,2023-06-28,Paid Search,Tablet,Debit Card
45,user45@email.com,37,Other,DE,City_2,2023-12-27,Social Media,Mobile,Credit Card
46,user46@email.com,25,M,DE,City_20,2023-05-16,Social Media,Smart TV,Debit Card
47,user47@email.com,63,F,UK,City_88,2023-04-18,Social Media,Tablet,PayPal
48,user48@email.com,23,Other,AU,City_36,2023-01-27,Organic,Mobile,PayPal
49,user49@email.com,58,F,UK,City_95,2023-03-08,Referral,Tablet,Debit Card
50,user50@email.com,25,M,UK,City_70,2023-01-05,Organic,Smart TV,Debit Card
51,user51@email.com,27,F,UK,City_6,2023-10-10,Social Media,Smart TV,Credit Card
52,user52@email.com,31,Other,UK,City_86,2023-07-03,Organic,Smart TV,Debit Card
53,user53@email.com,57,Other,UK,City_31,2023-07-28,Paid Search,Desktop,PayPal
54,user54@email.com,29,Other,CA,City_53,2023-01-13,Paid Search,Smart TV,Credit Card
55,user55@email.com,24,F,US,City_61,2023-12-26,Paid Search,Desktop,PayPal
56,user56@email.com,37,M,UK,City_4,2023-06-29,Paid Search,Tablet,PayPal
57,user57@email.com,22,F,CA,City_83,2023-05-23,Referral,Smart TV,Credit Card
58,user58@email.com,34,M,DE,City_34,2023-03-01,Organic,Mobile,Debit Card
59,user59@email.com,40,Other,CA,City_56,2023-08-11,Organic,Tablet,Debit Card
60,user60@email.com,34,M,AU,City_1,2023-04-08,Paid Search,Smart TV,PayPal
61,user61@email.com,60,F,DE,City_41,2023-02-05,Organic,Smart TV,Debit Card
62,user62@email.com,60,F,CA,City_52,2023-06-08,Social Media,Desktop,Credit Card
63,user63@email.com,60,F,UK,City_79,2023-08-04,Social Media,Tablet,Debit Card
64,user64@email.com,37,F,UK,City_56,2023-01-01,Social Media,Tablet,PayPal
65,user65@email.com,61,M,DE,City_61,2023-08-15,Paid Search,Mobile,PayPal
66,user66@email.com,60,Other,DE,City_43,2023-09-21,Organic,Desktop,Debit Card
67,user67@email.com,32,M,UK,City_4,2023-06-08,Organic,Desktop,PayPal
68,user68@email.com,22,F,AU,City_81,2023-11-09,Paid Search,Tablet,PayPal
69,user69@email.com,33,M,US,City_97,2023-07-24,Organic,Tablet,Credit Card
70,user70@email.com,62,Other,AU,City_7,2023-04-01,Paid Search,Mobile,PayPal
71,user71@email.com,47,Other,DE,City_72,2023-03-10,Social Media,Tablet,Debit Card
72,user72@email.com,45,Other,AU,City_21,2023-09-16,Referral,Tablet,PayPal
73,user73@email.com,58,F,DE,City_63,2023-05-07,Paid Search,Smart TV,PayPal
74,user74@email.com,63,F,UK,City_35,2023-02-09,Social Media,Smart TV,Debit Card
75,user75@email.com,26,M,UK,City_50,2023-02-11,Paid Search,Desktop,Credit Card
76,user76@email.com,44,F,DE,City_60,2023-08-01,Referral,Mobile,Credit Card
77,user77@email.com,42,Other,US,City_98,2023-08-04,Referral,Tablet,Credit Card
78,user78@email.com,37,F,AU,City_69,2023-06-30,Paid Search,Tablet,Credit Card
79,user79@email.com,45,F,US,City_50,2023-05-20,Social Media,Tablet,Debit Card
80,user80@email.com,47,M,DE,City_69,2023-03-26,Organic,Tablet,Debit Card
81,user81@email.com,60,M,US,City_83,2023-10-16,Referral,Desktop,PayPal
82,user82@email.com,21,F,AU,City_42,2023-04-04,Paid Search,Tablet,PayPal
83,user83@email.com,42,F,AU,City_33,2023-06-22,Organic,Tablet,Credit Card
84,user84@email.com,21,F,UK,City_84,2023-10-04,Organic,Mobile,Credit Card
85,user85@email.com,30,M,DE,City_20,2023-05-07,Paid Search,Desktop,PayPal
86,user86@email.com,25,Other,UK,City_60,2023-12-09,Social Media,Smart TV,Credit Card
87,user87@email.com,56,Other,US,City_100,2023-11-07,Paid Search,Smart TV,Credit Card
88,user88@email.com,19,F,DE,City_87,2023-10-24,Referral,Tablet,Debit Card
89,user89@email.com,22,Other,UK,City_14,2023-04-12,Social Media,Mobile,Debit Card
90,user90@email.com,40,Other,AU,City_85,2023-01-22,Social Media,Mobile,Debit Card
91,user91@email.com,39,M,AU,City_63,2023-11-28,Organic,Tablet,PayPal
92,user92@email.com,47,Other,UK,City_56,2023-11-22,Paid Search,Smart TV,Debit Card
93,user93@email.com,48,F,AU,City_94,2023-10-03,Social Media,Smart TV,Credit Card
94,user94@email.com,35,F,UK,City_97,2023-02-14,Referral,Tablet,PayPal
95,user95@email.com,49,F,UK,City_63,2023-01-15,Paid Search,Smart TV,PayPal
96,user96@email.com,35,Other,CA,City_72,2023-06-24,Organic,Desktop,Credit Card
97,user97@email.com,64,F,AU,City_72,2023-05-04,Paid Search,Tablet,Debit Card
98,user98@email.com,49,F,US,City_12,2023-12-31,Social Media,Desktop,PayPal
99,user99@email.com,33,F,DE,City_48,2023-12-21,Referral,Smart TV,PayPal
100,user100@email.com,39,F,AU,City_35,2023-10-09,Social Media,Smart TV,Credit Card
101,user101@email.com,64,M,CA,City_16,2023-03-03,Paid Search,Desktop,Credit Card
102,user102@email.com,35,Other,DE,City_98,2023-09-05,Social Media,Mobile,Credit Card
103,user103@email.com,32,F,UK,City_39,2023-06-01,Organic,Desktop,PayPal
104,user104@email.com,21,Other,CA,City_90,2023-01-24,Paid Search,Tablet,Credit Card
105,user105@email.com,54,F,AU,City_62,2023-01-07,Referral,Smart TV,Credit Card
106,user106@email.com,34,F,US,City_9,2023-01-27,Referral,Tablet,Credit Card
107,user107@email.com,58,Other,US,City_20,2023-10-23,Paid Search,Smart TV,Credit Card
108,user108@email.com,25,Other,AU,City_78,2023-05-08,Paid Search,Tablet,PayPal
109,user109@email.com,37,Other,AU,City_40,2023-08-15,Organic,Mobile,Credit Card
110,user110@email.com,31,F,US,City_21,2023-11-17,Paid Search,Desktop,Debit Card
111,user111@email.com,28,M,AU,City_58,2023-02-08,Referral,Smart TV,Credit Card
112,user112@email.com,36,Other,CA,City_90,2023-04-29,Referral,Mobile,Debit Card
113,user113@email.com,34,Other,DE,City_85,2023-04-30,Paid Search,Tablet,Credit Card
114,user114@email.com,32,Other,UK,City_35,2023-10-06,Paid Search,Mobile,Credit Card
115,user115@email.com,37,Other,DE,City_37,2023-03-26,Referral,Mobile,PayPal
116,user116@email.com,37,Other,AU,City_35,2023-12-19,Referral,Tablet,Credit Card
117,user117@email.com,20,F,CA,City_78,2023-11-03,Social Media,Mobile,Credit Card
118,user118@email.com,61,Other,DE,City_3,2023-04-28,Social Media,Mobile,Credit Card
119,user119@email.com,51,Other,AU,City_36,2023-08-29,Paid Search,Tablet,Debit Card
120,user120@email.com,23,F,CA,City_53,2023-09-09,Social Media,Smart TV,Debit Card
121,user121@email.com,28,F,AU,City_89,2023-02-23,Referral,Smart TV,Debit Card
122,user122@email.com,53,M,AU,City_12,2023-07-25,Social Media,Smart TV,PayPal
123,user123@email.com,43,Other,US,City_85,2023-03-01,Referral,Tablet,Credit Card
124,user124@email.com,51,F,DE,City_97,2023-04-07,Referral,Tablet,Credit Card
125,user125@email.com,35,Other,UK,City_37,2023-04-15,Referral,Tablet,Credit Card
126,user126@email.com,58,Other,UK,City_91,2023-01-15,Paid Search,Smart TV,Debit Card
127,user127@email.com,53,F,US,City_29,2023-01-08,Organic,Tablet,Credit Card
128,user128@email.com,27,F,CA,City_66,2023-11-28,Social Media,Tablet,PayPal
129,user129@email.com,33,F,DE,City_19,2023-08-30,Referral,Desktop,Debit Card
130,user130@email.com,65,M,US,City_36,2023-09-18,Referral,Smart TV,Debit Card
131,user131@email.com,18,F,CA,City_76,2023-05-17,Referral,Desktop,PayPal
132,user132@email.com,48,F,CA,City_71,2023-10-03,Referral,Tablet,PayPal
133,user133@email.com,62,M,DE,City_50,2023-04-07,Paid Search,Tablet,Credit Card
134,user134@email.com,65,F,AU,City_50,2023-06-12,Paid Search,Tablet,Credit Card
135,user135@email.com,50,Other,CA,City_13,2023-03-06,Referral,Mobile,Debit Card
136,user136@email.com,18,Other,UK,City_53,2023-08-22,Paid Search,Mobile,PayPal
137,user137@email.com,39,Other,AU,City_84,2023-05-16,Organic,Smart TV,Debit Card
138,user138@email.com,42,F,AU,City_70,2023-10-01,Organic,Mobile,Credit Card
139,user139@email.com,61,F,UK,City_96,2023-11-20,Organic,Tablet,Credit Card
140,user140@email.com,63,M,AU,City_22,2023-11-21,Social Media,Mobile,Credit Card
141,user141@email.com,21,F,CA,City_48,2023-06-16,Referral,Desktop,Credit Card
142,user142@email.com,44,Other,UK,City_22,2023-09-29,Paid Search,Mobile,Debit Card
143,user143@email.com,57,Other,UK,City_64,2023-07-15,Paid Search,Desktop,PayPal
144,user144@email.com,34,F,CA,City_86,2023-11-23,Organic,Tablet,PayPal
145,user145@email.com,52,M,US,City_57,2023-12-13,Social Media,Smart TV,Debit Card
146,user146@email.com,62,F,AU,City_39,2023-08-06,Paid Search,Tablet,PayPal
147,user147@email.com,33,F,DE,City_46,2023-02-24,Social Media,Smart TV,Credit Card
148,user148@email.com,43,F,US,City_73,2023-12-04,Organic,Tablet,PayPal
149,user149@email.com,56,F,UK,City_82,2023-04-28,Paid Search,Smart TV,Debit Card
150,user150@email.com,61,M,US,City_81,2023-12-04,Organic,Smart TV,PayPal
151,user151@email.com,55,F,UK,City_12,2023-01-18,Social Media,Smart TV,Debit Card
152,user152@email.com,29,M,UK,City_70,2023-08-01,Social Media,Smart TV,Credit Card
153,user153@email.com,48,F,CA,City_15,2023-05-12,Referral,Mobile,Credit Card
154,user154@email.com,61,Other,AU,City_72,2023-04-26,Social Media,Mobile,PayPal
155,user155@email.com,34,Other,US,City_59,2023-01-08,Social Media,Smart TV,Debit Card
156,user156@email.com,58,F,US,City_87,2023-07-15,Paid Search,Tablet,Credit Card
157,user157@email.com,53,F,DE,City_29,2023-11-14,Organic,Tablet,Debit Card
158,user158@email.com,59,F,US,City_18,2023-06-04,Organic,Mobile,PayPal
159,user159@email.com,25,M,UK,City_69,2023-09-10,Paid Search,Tablet,PayPal
160,user160@email.com,60,Other,DE,City_54,2023-07-09,Paid Search,Tablet,Debit Card
161,user161@email.com,49,Other,AU,City_36,2023-02-20,Organic,Smart TV,Credit Card
162,user162@email.com,46,M,CA,City_13,2023-08-16,Social Media,Smart TV,Credit Card
163,user163@email.com,35,M,US,City_59,2023-07-23,Organic,Desktop,Debit Card
164,user164@email.com,56,M,US,City_43,2023-11-24,Paid Search,Desktop,Debit Card
165,user165@email.com,22,Other,UK,City_76,2023-04-16,Paid Search,Desktop,PayPal
166,user166@email.com,56,M,CA,City_19,2023-03-17,Paid Search,Smart TV,Credit Card
167,user167@email.com,60,M,UK,City_2,2023-02-26,Social Media,Desktop,Debit Card
168,user168@email.com,19,M,CA,City_7,2023-06-15,Paid Search,Tablet,Debit Card
169,user169@email.com,65,M,AU,City_58,2023-02-28,Social Media,Mobile,PayPal
170,user170@email.com,32,Other,US,City_94,2023-09-15,Social Media,Tablet,Debit Card
171,user171@email.com,21,F,AU,City_55,2023-01-16,Organic,Tablet,Debit Card
172,user172@email.com,22,M,CA,City_78,2023-08-16,Paid Search,Mobile,Credit Card
173,user173@email.com,57,Other,DE,City_71,2023-05-21,Social Media,Tablet,Debit Card
174,user174@email.com,36,F,DE,City_78,2023-09-29,Referral,Mobile,Debit Card
175,user175@email.com,59,Other,DE,City_93,2023-02-28,Paid Search,Tablet,PayPal
176,user176@email.com,44,F,AU,City_52,2023-04-27,Referral,Mobile,PayPal
177,user177@email.com,38,Other,CA,City_48,2023-08-07,Paid Search,Tablet,Credit Card
178,user178@email.com,23,M,AU,City_13,2023-02-16,Social Media,Desktop,Debit Card
179,user179@email.com,55,Other,DE,City_43,2023-01-31,Organic,Tablet,PayPal
180,user180@email.com,45,Other,US,City_37,2023-12-07,Social Media,Smart TV,Credit Card
181,user181@email.com,50,M,UK,City_85,2023-10-23,Referral,Desktop,Credit Card
182,user182@email.com,53,F,US,City_98,2023-06-29,Social Media,Desktop,PayPal
183,user183@email.com,57,Other,DE,City_4,2023-10-15,Social Media,Mobile,Credit Card
184,user184@email.com,62,F,CA,City_45,2023-05-20,Organic,Desktop,Credit Card
185,user185@email.com,60,F,US,City_19,2023-10-17,Organic,Mobile,Debit Card
186,user186@email.com,31,F,AU,City_59,2023-09-29,Social Media,Desktop,PayPal
187,user187@email.com,64,F,DE,City_77,2023-06-09,Organic,Mobile,Credit Card
188,user188@email.com,57,M,US,City_35,2023-03-22,Referral,Tablet,PayPal
189,user189@email.com,46,F,CA,City_28,2023-11-07,Organic,Smart TV,PayPal
190,user190@email.com,36,Other,DE,City_63,2023-02-26,Social Media,Mobile,Credit Card
191,user191@email.com,56,M,US,City_27,2023-07-22,Social Media,Desktop,Credit Card
192,user192@email.com,36,F,US,City_1,2023-05-11,Referral,Tablet,Credit Card
193,user193@email.com,42,Other,UK,City_65,2023-03-08,Social Media,Mobile,PayPal
194,user194@email.com,45,M,AU,City_10,2023-01-22,Social Media,Tablet,Debit Card
195,user195@email.com,63,Other,AU,City_38,2023-07-27,Organic,Tablet,Credit Card
196,user196@email.com,28,Other,AU,City_89,2023-06-16,Social Media,Mobile,PayPal
197,user197@email.com,33,F,DE,City_52,2023-02-24,Organic,Tablet,PayPal
198,user198@email.com,32,F,UK,City_10,2023-06-23,Organic,Desktop,PayPal
199,user199@email.com,64,Other,UK,City_31,2023-06-29,Organic,Desktop,PayPal
200,user200@email.com,29,Other,UK,City_98,2023-04-12,Organic,Desktop,Debit Card
201,user201@email.com,47,Other,DE,City_58,2023-09-10,Social Media,Smart TV,Credit Card
202,user202@email.com,22,F,AU,City_81,2023-08-14,Social Media,Smart TV,Debit Card
203,user203@email.com,40,Other,US,City_40,2023-01-29,Referral,Tablet,Credit Card
204,user204@email.com,41,F,US,City_83,2023-01-30,Organic,Tablet,PayPal
205,user205@email.com,53,Other,US,City_58,2023-10-25,Paid Search,Smart TV,Debit Card
206,user206@email.com,50,M,US,City_58,2023-09-01,Organic,Smart TV,Debit Card
207,user207@email.com,50,Other,UK,City_6,2023-02-13,Paid Search,Tablet,PayPal
208,user208@email.com,51,Other,UK,City_47,2023-09-26,Social Media,Smart TV,PayPal
209,user209@email.com,39,Other,DE,City_7,2023-07-29,Social Media,Mobile,PayPal
210,user210@email.com,53,Other,AU,City_37,2023-02-18,Social Media,Desktop,PayPal
211,user211@email.com,55,Other,UK,City_45,2023-02-11,Social Media,Tablet,Credit Card
212,user212@email.com,63,M,CA,City_72,2023-11-01,Referral,Smart TV,Credit Card
213,user213@email.com,62,Other,DE,City_12,2023-12-10,Referral,Smart TV,Credit Card
214,user214@email.com,37,M,UK,City_44,2023-07-05,Referral,Desktop,Credit Card
215,user215@email.com,27,M,CA,City_13,2023-03-12,Organic,Smart TV,Debit Card
216,user216@email.com,56,F,UK,City_21,2023-03-09,Paid Search,Desktop,Debit Card
217,user217@email.com,20,F,CA,City_87,2023-08-13,Paid Search,Tablet,Debit Card
218,user218@email.com,65,F,UK,City_69,2023-05-26,Paid Search,Smart TV,PayPal
219,user219@email.com,41,Other,DE,City_57,2023-04-10,Referral,Smart TV,PayPal
220,user220@email.com,51,F,UK,City_26,2023-09-15,Paid Search,Smart TV,Credit Card
221,user221@email.com,48,F,DE,City_14,2023-11-25,Organic,Smart TV,Credit Card
222,user222@email.com,35,F,DE,City_19,2023-03-24,Referral,Mobile,Credit Card
223,user223@email.com,40,M,AU,City_7,2023-08-19,Referral,Smart TV,Credit Card
224,user224@email.com,23,F,UK,City_4,2023-07-17,Social Media,Mobile,Debit Card
225,user225@email.com,39,M,UK,City_5,2023-11-29,Social Media,Tablet,Debit Card
226,user226@email.com,63,F,AU,City_79,2023-03-13,Organic,Mobile,Credit Card
227,user227@email.com,31,M,DE,City_94,2023-05-12,Referral,Mobile,PayPal
228,user228@email.com,37,M,US,City_31,2023-05-02,Referral,Tablet,Credit Card
229,user229@email.com,49,Other,DE,City_3,2023-02-26,Paid Search,Desktop,PayPal
230,user230@email.com,18,Other,CA,City_31,2023-08-08,Referral,Desktop,Debit Card
231,user231@email.com,23,Other,CA,City_9,2023-12-09,Organic,Tablet,PayPal
232,user232@email.com,58,F,CA,City_33,2023-01-23,Organic,Smart TV,Credit Card
233,user233@email.com,33,Other,US,City_99,2023-06-26,Social Media,Desktop,Credit Card
234,user234@email.com,52,F,UK,City_100,2023-06-30,Referral,Tablet,Debit Card
235,user235@email.com,26,M,AU,City_5,2023-04-04,Social Media,Desktop,Credit Card
236,user236@email.com,20,F,CA,City_66,2023-04-13,Referral,Tablet,PayPal
237,user237@email.com,59,M,CA,City_46,2023-01-19,Organic,Smart TV,PayPal
238,user238@email.com,41,F,AU,City_96,2023-03-05,Referral,Tablet,PayPal
239,user239@email.com,49,Other,AU,City_48,2023-04-06,Social Media,Mobile,Debit Card
240,user240@email.com,23,F,DE,City_24,2023-08-06,Social Media,Smart TV,Credit Card
241,user241@email.com,38,Other,CA,City_40,2023-02-10,Referral,Tablet,Credit Card
242,user242@email.com,46,F,AU,City_6,2023-12-20,Social Media,Tablet,PayPal
243,user243@email.com,21,M,AU,City_47,2023-11-24,Paid Search,Mobile,Credit Card
244,user244@email.com,61,F,US,City_17,2023-11-08,Organic,Desktop,Debit Card
245,user245@email.com,41,F,DE,City_5,2023-07-07,Paid Search,Tablet,PayPal
246,user246@email.com,46,M,DE,City_18,2023-07-10,Social Media,Tablet,PayPal
247,user247@email.com,35,M,US,City_4,2023-11-29,Paid Search,Tablet,Debit Card
248,user248@email.com,53,M,CA,City_100,2023-07-18,Social Media,Tablet,Credit Card
249,user249@email.com,36,Other,AU,City_26,2023-11-10,Organic,Desktop,Credit Card
250,user250@email.com,29,Other,AU,City_12,2023-08-20,Social Media,Smart TV,Debit Card
251,user251@email.com,53,Other,CA,City_39,2023-02-03,Paid Search,Desktop,PayPal
252,user252@email.com,32,M,UK,City_18,2023-09-18,Paid Search,Tablet,Credit Card
253,user253@email.com,53,Other,CA,City_60,2023-07-04,Paid Search,Mobile,Credit Card
254,user254@email.com,43,Other,AU,City_68,2023-06-08,Referral,Tablet,Debit Card
255,user255@email.com,26,F,US,City_58,2023-02-07,Referral,Smart TV,Credit Card
256,user256@email.com,58,Other,UK,City_99,2023-10-10,Paid Search,Tablet,Debit Card
257,user257@email.com,25,Other,UK,City_39,2023-01-29,Paid Search,Desktop,PayPal
258,user258@email.com,32,F,DE,City_37,2023-12-30,Organic,Smart TV,Credit Card
259,user259@email.com,53,F,UK,City_81,2023-11-22,Social Media,Mobile,Debit Card
260,user260@email.com,28,Other,DE,City_20,2023-11-25,Paid Search,Smart TV,Debit Card
261,user261@email.com,19,M,US,City_83,2023-01-22,Social Media,Desktop,Debit Card
262,user262@email.com,57,Other,US,City_64,2023-08-02,Social Media,Smart TV,PayPal
263,user263@email.com,61,F,CA,City_59,2023-05-06,Organic,Mobile,Credit Card
264,user264@email.com,44,F,AU,City_27,2023-08-14,Social Media,Desktop,PayPal
265,user265@email.com,64,F,AU,City_17,2023-06-13,Social Media,Mobile,PayPal
266,user266@email.com,47,M,CA,City_58,2023-05-04,Paid Search,Desktop,Credit Card
267,user267@email.com,36,F,DE,City_54,2023-01-26,Paid Search,Desktop,PayPal
268,user268@email.com,64,F,UK,City_98,2023-10-23,Paid Search,Tablet,Debit Card
269,user269@email.com,49,F,AU,City_3,2023-08-28,Organic,Tablet,Debit Card
270,user270@email.com,33,M,DE,City_46,2023-08-23,Organic,Mobile,PayPal
271,user271@email.com,56,Other,AU,City_37,2023-09-11,Organic,Mobile,PayPal
272,user272@email.com,34,Other,CA,City_98,2023-03-10,Referral,Smart TV,Credit Card
273,user273@email.com,21,Other,DE,City_25,2023-07-25,Social Media,Smart TV,Credit Card
274,user274@email.com,50,F,DE,City_36,2023-07-17,Organic,Desktop,Credit Card
275,user275@email.com,41,F,DE,City_47,2023-07-21,Paid Search,Desktop,Debit Card
276,user276@email.com,43,Other,US,City_6,2023-09-18,Organic,Desktop,Debit Card
277,user277@email.com,48,Other,AU,City_20,2023-06-20,Paid Search,Smart TV,Debit Card
278,user278@email.com,28,F,DE,City_95,2023-06-13,Social Media,Smart TV,Debit Card
279,user279@email.com,52,F,DE,City_39,2023-09-18,Referral,Mobile,PayPal
280,user280@email.com,61,M,AU,City_75,2023-06-19,Social Media,Mobile,Debit Card
281,user281@email.com,34,Other,DE,City_74,2023-08-31,Paid Search,Mobile,Debit Card
282,user282@email.com,28,Other,DE,City_100,2023-09-03,Referral,Desktop,Debit Card
283,user283@email.com,20,Other,US,City_25,2023-05-05,Organic,Tablet,PayPal
284,user284@email.com,27,F,UK,City_53,2023-08-03,Referral,Mobile,Debit Card
285,user285@email.com,51,M,DE,City_42,2023-03-12,Referral,Tablet,PayPal
286,user286@email.com,47,Other,CA,City_70,2023-03-30,Social Media,Smart TV,Debit Card
287,user287@email.com,30,M,CA,City_72,2023-09-05,Social Media,Desktop,PayPal
288,user288@email.com,63,M,AU,City_41,2023-05-28,Referral,Smart TV,Debit Card
289,user289@email.com,36,M,DE,City_87,2023-05-21,Referral,Tablet,PayPal
290,user290@email.com,36,M,CA,City_92,2023-03-16,Organic,Smart TV,PayPal
291,user291@email.com,34,Other,AU,City_28,2023-12-02,Paid Search,Smart TV,Debit Card
292,user292@email.com,35,M,US,City_79,2023-12-23,Paid Search,Desktop,Credit Card
293,user293@email.com,51,M,UK,City_7,2023-12-09,Organic,Tablet,PayPal
294,user294@email.com,24,Other,UK,City_1,2023-08-30,Paid Search,Tablet,Debit Card
295,user295@email.com,48,Other,UK,City_97,2023-09-01,Social Media,Smart TV,PayPal
296,user296@email.com,21,M,DE,City_30,2023-11-27,Organic,Desktop,PayPal
297,user297@email.com,20,F,AU,City_24,2023-04-01,Social Media,Mobile,Credit Card
298,user298@email.com,54,Other,US,City_43,2023-06-02,Social Media,Tablet,Debit Card
299,user299@email.com,51,F,UK,City_65,2023-10-06,Referral,Smart TV,Credit Card
300,user300@email.com,39,M,AU,City_83,2023-02-27,Social Media,Desktop,Credit Card
301,user301@email.com,36,Other,UK,City_23,2023-06-22,Referral,Tablet,Debit Card
302,user302@email.com,23,F,US,City_24,2023-06-17,Paid Search,Tablet,PayPal
303,user303@email.com,18,F,AU,City_31,2023-05-08,Referral,Smart TV,PayPal
304,user304@email.com,55,Other,DE,City_2,2023-06-04,Social Media,Smart TV,Debit Card
305,user305@email.com,21,Other,US,City_60,2023-05-01,Social Media,Desktop,PayPal
306,user306@email.com,50,Other,CA,City_89,2023-12-18,Organic,Smart TV,PayPal
307,user307@email.com,32,M,UK,City_62,2023-11-11,Paid Search,Tablet,Debit Card
308,user308@email.com,41,F,DE,City_61,2023-11-07,Paid Search,Desktop,Debit Card
309,user309@email.com,23,Other,AU,City_68,2023-11-02,Social Media,Mobile,Debit Card
310,user310@email.com,21,Other,DE,City_26,2023-02-27,Paid Search,Desktop,PayPal
311,user311@email.com,46,M,UK,City_92,2023-09-24,Referral,Mobile,Debit Card
312,user312@email.com,21,F,UK,City_66,2023-08-17,Referral,Tablet,Debit Card
313,user313@email.com,53,F,CA,City_93,2023-01-30,Organic,Tablet,PayPal
314,user314@email.com,65,M,DE,City_10,2023-01-02,Organic,Tablet,PayPal
315,user315@email.com,22,Other,US,City_9,2023-12-25,Referral,Mobile,PayPal
316,user316@email.com,29,M,AU,City_48,2023-07-29,Referral,Tablet,PayPal
317,user317@email.com,23,Other,DE,City_18,2023-07-12,Social Media,Mobile,Credit Card
318,user318@email.com,43,Other,UK,City_94,2023-10-03,Paid Search,Mobile,Credit Card
319,user319@email.com,47,Other,DE,City_55,2023-06-02,Referral,Desktop,Credit Card
320,user320@email.com,40,M,CA,City_25,2023-08-24,Organic,Mobile,Debit Card
321,user321@email.com,57,M,UK,City_27,2023-08-03,Organic,Mobile,Debit Card
322,user322@email.com,46,Other,US,City_32,2023-01-18,Organic,Tablet,PayPal
323,user323@email.com,52,M,US,City_18,2023-04-30,Social Media,Desktop,Debit Card
324,user324@email.com,38,Other,DE,City_99,2023-10-22,Social Media,Desktop,PayPal
325,user325@email.com,60,Other,UK,City_53,2023-03-15,Social Media,Smart TV,Credit Card
326,user326@email.com,55,Other,UK,City_81,2023-10-13,Referral,Tablet,Credit Card
327,user327@email.com,59,Other,AU,City_68,2023-06-26,Social Media,Tablet,PayPal
328,user328@email.com,37,F,UK,City_97,2023-03-18,Referral,Desktop,Credit Card
329,user329@email.com,63,M,AU,City_8,2023-06-03,Referral,Tablet,Debit Card
330,user330@email.com,26,F,UK,City_33,2023-09-29,Paid Search,Smart TV,Debit Card
331,user331@email.com,46,F,US,City_69,2023-02-10,Paid Search,Mobile,PayPal
332,user332@email.com,61,Other,DE,City_6,2023-07-13,Organic,Desktop,Debit Card
333,user333@email.com,53,M,AU,City_27,2023-12-10,Social Media,Smart TV,Credit Card
334,user334@email.com,30,Other,US,City_96,2023-04-19,Referral,Desktop,Debit Card
335,user335@email.com,63,M,AU,City_31,2023-11-06,Social Media,Smart TV,PayPal
336,user336@email.com,52,Other,CA,City_40,2023-08-27,Social Media,Smart TV,Debit Card
337,user337@email.com,47,M,AU,City_98,2023-09-12,Social Media,Desktop,PayPal
338,user338@email.com,44,M,DE,City_29,2023-06-10,Paid Search,Mobile,PayPal
339,user339@email.com,55,Other,AU,City_38,2023-10-11,Paid Search,Desktop,PayPal
340,user340@email.com,42,Other,UK,City_64,2023-04-28,Social Media,Smart TV,PayPal
341,user341@email.com,65,F,AU,City_22,2023-11-25,Social Media,Desktop,Credit Card
342,user342@email.com,49,M,DE,City_83,2023-10-07,Organic,Mobile,Credit Card
343,user343@email.com,21,M,AU,City_18,2023-12-09,Paid Search,Mobile,Debit Card
344,user344@email.com,18,M,DE,City_59,2023-03-19,Social Media,Mobile,Debit Card
345,user345@email.com,60,Other,AU,City_85,2023-11-23,Referral,Mobile,Credit Card
346,user346@email.com,53,F,US,City_3,2023-09-30,Social Media,Smart TV,Credit Card
347,user347@email.com,62,Other,AU,City_23,2023-09-15,Organic,Mobile,Debit Card
348,user348@email.com,33,M,DE,City_68,2023-03-18,Social Media,Smart TV,PayPal
349,user349@email.com,23,F,AU,City_59,2023-07-23,Paid Search,Desktop,PayPal
350,user350@email.com,23,Other,US,City_12,2023-12-17,Referral,Tablet,PayPal
351,user351@email.com,48,M,US,City_90,2023-10-10,Paid Search,Mobile,PayPal
352,user352@email.com,59,F,DE,City_13,2023-08-11,Organic,Desktop,Credit Card
353,user353@email.com,54,F,CA,City_6,2023-12-21,Organic,Smart TV,Debit Card
354,user354@email.com,60,M,UK,City_41,2023-10-16,Organic,Desktop,Debit Card
355,user355@email.com,63,F,US,City_39,2023-03-15,Paid Search,Desktop,Debit Card
356,user356@email.com,61,Other,CA,City_50,2023-07-19,Paid Search,Mobile,Debit Card
357,user357@email.com,21,M,AU,City_30,2023-06-27,Organic,Smart TV,Debit Card
358,user358@email.com,56,F,CA,City_4,2023-11-11,Social Media,Tablet,PayPal
359,user359@email.com,40,Other,AU,City_56,2023-04-27,Paid Search,Tablet,Credit Card
360,user360@email.com,36,M,US,City_11,2023-11-13,Social Media,Desktop,PayPal
361,user361@email.com,58,M,AU,City_41,2023-12-31,Social Media,Mobile,Credit Card
362,user362@email.com,37,F,CA,City_98,2023-01-03,Social Media,Mobile,Credit Card
363,user363@email.com,29,F,AU,City_72,2023-02-14,Referral,Mobile,Credit Card
364,user364@email.com,40,Other,US,City_77,2023-02-15,Social Media,Tablet,Credit Card
365,user365@email.com,44,F,US,City_93,2023-05-30,Paid Search,Desktop,Debit Card
366,user366@email.com,28,M,CA,City_39,2023-07-14,Social Media,Tablet,Credit Card
367,user367@email.com,28,F,CA,City_54,2023-02-02,Social Media,Tablet,Credit Card
368,user368@email.com,34,M,AU,City_77,2023-07-04,Paid Search,Tablet,Credit Card
369,user369@email.com,37,M,AU,City_43,2023-03-11,Referral,Smart TV,PayPal
370,user370@email.com,45,Other,DE,City_18,2023-06-21,Social Media,Smart TV,Debit Card
371,user371@email.com,30,F,CA,City_23,2023-12-22,Referral,Smart TV,PayPal
372,user372@email.com,58,F,DE,City_32,2023-12-22,Social Media,Tablet,PayPal
373,user373@email.com,41,M,DE,City_26,2023-07-21,Paid Search,Mobile,Debit Card
374,user374@email.com,63,M,AU,City_38,2023-08-25,Organic,Tablet,Debit Card
375,user375@email.com,26,Other,CA,City_31,2023-09-13,Social Media,Desktop,Debit Card
376,user376@email.com,42,M,AU,City_77,2023-08-05,Referral,Tablet,Debit Card
377,user377@email.com,62,F,DE,City_5,2023-09-17,Social Media,Mobile,Credit Card
378,user378@email.com,60,Other,CA,City_22,2023-05-08,Organic,Tablet,PayPal
379,user379@email.com,24,M,US,City_34,2023-08-09,Paid Search,Desktop,PayPal
380,user380@email.com,43,F,DE,City_89,2023-07-11,Paid Search,Smart TV,Credit Card
381,user381@email.com,24,F,AU,City_11,2023-09-05,Organic,Desktop,PayPal
382,user382@email.com,39,F,UK,City_67,2023-06-09,Referral,Smart TV,PayPal
383,user383@email.com,46,Other,AU,City_41,2023-02-19,Organic,Smart TV,Credit Card
384,user384@email.com,25,M,CA,City_83,2023-12-30,Organic,Desktop,Debit Card
385,user385@email.com,51,M,DE,City_21,2023-05-05,Social Media,Tablet,PayPal
386,user386@email.com,43,Other,UK,City_24,2023-04-29,Referral,Tablet,Credit Card
387,user387@email.com,30,F,DE,City_55,2023-11-11,Referral,Mobile,Debit Card
388,user388@email.com,31,F,US,City_74,2023-04-20,Organic,Desktop,PayPal
389,user389@email.com,30,F,US,City_34,2023-06-16,Referral,Smart TV,Debit Card
390,user390@email.com,57,F,DE,City_15,2023-07-18,Social Media,Smart TV,PayPal
391,user391@email.com,29,Other,CA,City_79,2023-11-13,Organic,Desktop,PayPal
392,user392@email.com,33,F,US,City_24,2023-03-02,Social Media,Desktop,Debit Card
393,user393@email.com,44,Other,UK,City_74,2023-07-18,Referral,Tablet,Credit Card
394,user394@email.com,58,Other,UK,City_72,2023-09-07,Paid Search,Tablet,PayPal
395,user395@email.com,29,F,AU,City_80,2023-03-13,Organic,Smart TV,Credit Card
396,user396@email.com,26,M,AU,City_72,2023-09-06,Referral,Tablet,Debit Card
397,user397@email.com,44,Other,AU,City_63,2023-09-09,Paid Search,Mobile,Debit Card
398,user398@email.com,32,F,US,City_36,2023-01-16,Paid Search,Smart TV,Credit Card
399,user399@email.com,54,Other,AU,City_71,2023-08-23,Organic,Mobile,PayPal
400,user400@email.com,41,Other,US,City_98,2023-10-06,Referral,Desktop,PayPal
401,user401@email.com,65,Other,UK,City_39,2023-02-22,Organic,Tablet,PayPal
402,user402@email.com,23,F,US,City_100,2023-06-28,Paid Search,Desktop,Debit Card
403,user403@email.com,62,F,DE,City_81,2023-10-29,Referral,Desktop,Debit Card
404,user404@email.com,31,M,US,City_73,2023-03-13,Social Media,Smart TV,Debit Card
405,user405@email.com,28,F,CA,City_38,2023-10-03,Social Media,Mobile,Credit Card
406,user406@email.com,21,F,UK,City_90,2023-07-30,Paid Search,Desktop,Credit Card
407,user407@email.com,38,M,AU,City_63,2023-12-31,Paid Search,Smart TV,Debit Card
408,user408@email.com,42,F,US,City_82,2023-08-01,Organic,Tablet,Debit Card
409,user409@email.com,62,F,AU,City_63,2023-05-23,Social Media,Mobile,Debit Card
410,user410@email.com,64,F,CA,City_9,2023-02-17,Referral,Desktop,PayPal
411,user411@email.com,49,F,CA,City_37,2023-04-19,Social Media,Desktop,Debit Card
412,user412@email.com,39,Other,US,City_6,2023-09-06,Organic,Tablet,Credit Card
413,user413@email.com,28,F,AU,City_1,2023-03-05,Referral,Desktop,Debit Card
414,user414@email.com,59,F,UK,City_36,2023-03-09,Organic,Smart TV,PayPal
415,user415@email.com,41,Other,UK,City_7,2023-02-12,Referral,Smart TV,Debit Card
416,user416@email.com,32,F,US,City_91,2023-12-25,Organic,Mobile,Credit Card
417,user417@email.com,22,M,DE,City_29,2023-09-02,Referral,Mobile,Credit Card
418,user418@email.com,39,M,AU,City_89,2023-12-23,Paid Search,Tablet,Credit Card
419,user419@email.com,42,M,US,City_14,2023-04-28,Social Media,Smart TV,PayPal
420,user420@email.com,42,M,UK,City_9,2023-03-12,Organic,Desktop,PayPal
421,user421@email.com,64,M,UK,City_53,2023-06-29,Referral,Desktop,Credit Card
422,user422@email.com,26,M,DE,City_94,2023-02-21,Referral,Smart TV,PayPal
423,user423@email.com,26,M,CA,City_83,2023-06-11,Organic,Desktop,Debit Card
424,user424@email.com,56,Other,DE,City_37,2023-11-04,Organic,Smart TV,Credit Card
425,user425@email.com,56,Other,UK,City_96,2023-09-23,Referral,Smart TV,Debit Card
426,user426@email.com,33,F,AU,City_15,2023-01-28,Paid Search,Tablet,Debit Card
427,user427@email.com,22,Other,US,City_47,2023-11-01,Social Media,Desktop,PayPal
428,user428@email.com,44,F,DE,City_88,2023-10-19,Paid Search,Tablet,Credit Card
429,user429@email.com,55,M,US,City_34,2023-01-09,Paid Search,Mobile,Credit Card
430,user430@email.com,50,F,DE,City_99,2023-07-23,Referral,Tablet,Debit Card
431,user431@email.com,23,Other,DE,City_69,2023-07-25,Paid Search,Smart TV,Credit Card
432,user432@email.com,23,Other,UK,City_20,2023-06-08,Social Media,Tablet,Debit Card
433,user433@email.com,59,Other,US,City_40,2023-11-21,Referral,Desktop,Credit Card
434,user434@email.com,23,F,US,City_59,2023-05-06,Organic,Smart TV,Debit Card
435,user435@email.com,65,M,US,City_2,2023-12-03,Paid Search,Mobile,Credit Card
436,user436@email.com,40,Other,DE,City_93,2023-09-12,Social Media,Desktop,PayPal
437,user437@email.com,65,F,US,City_99,2023-03-06,Organic,Smart TV,PayPal
438,user438@email.com,51,M,CA,City_92,2023-05-20,Organic,Tablet,PayPal
439,user439@email.com,41,M,AU,City_73,2023-09-19,Paid Search,Smart TV,Credit Card
440,user440@email.com,24,Other,US,City_30,2023-05-11,Organic,Mobile,Credit Card
441,user441@email.com,20,F,CA,City_50,2023-05-06,Paid Search,Desktop,Credit Card
442,user442@email.com,63,Other,AU,City_29,2023-10-11,Social Media,Desktop,PayPal
443,user443@email.com,35,M,DE,City_48,2023-06-13,Organic,Mobile,Credit Card
444,user444@email.com,51,M,AU,City_9,2023-04-25,Referral,Smart TV,PayPal
445,user445@email.com,23,Other,AU,City_2,2023-06-17,Social Media,Desktop,PayPal
446,user446@email.com,37,Other,DE,City_32,2023-10-16,Referral,Smart TV,Debit Card
447,user447@email.com,30,Other,DE,City_98,2023-09-10,Paid Search,Desktop,Credit Card
448,user448@email.com,19,M,DE,City_45,2023-07-29,Organic,Smart TV,Credit Card
449,user449@email.com,42,Other,CA,City_14,2023-12-03,Paid Search,Desktop,PayPal
450,user450@email.com,21,M,CA,City_12,2023-09-09,Organic,Desktop,Debit Card
451,user451@email.com,62,F,AU,City_96,2023-07-31,Organic,Mobile,Debit Card
452,user452@email.com,58,F,US,City_76,2023-03-10,Organic,Tablet,Debit Card
453,user453@email.com,33,F,CA,City_41,2023-03-08,Referral,Smart TV,PayPal
454,user454@email.com,35,M,US,City_26,2023-08-20,Paid Search,Mobile,Credit Card
455,user455@email.com,28,F,AU,City_41,2023-02-24,Referral,Mobile,Debit Card
456,user456@email.com,31,F,CA,City_60,2023-07-03,Social Media,Mobile,Credit Card
457,user457@email.com,61,F,DE,City_6,2023-03-22,Paid Search,Smart TV,Credit Card
458,user458@email.com,63,M,CA,City_51,2023-02-16,Organic,Smart TV,PayPal
459,user459@email.com,19,F,AU,City_72,2023-03-31,Paid Search,Mobile,PayPal
460,user460@email.com,26,M,US,City_8,2023-02-22,Paid Search,Desktop,Credit Card
461,user461@email.com,41,Other,US,City_75,2023-07-25,Social Media,Mobile,Credit Card
462,user462@email.com,30,Other,AU,City_17,2023-02-03,Organic,Smart TV,Credit Card
463,user463@email.com,47,M,UK,City_74,2023-01-22,Referral,Tablet,PayPal
464,user464@email.com,42,Other,AU,City_23,2023-01-16,Social Media,Desktop,Credit Card
465,user465@email.com,35,F,UK,City_5,2023-05-21,Paid Search,Smart TV,PayPal
466,user466@email.com,53,F,US,City_12,2023-07-30,Social Media,Tablet,Credit Card
467,user467@email.com,30,Other,DE,City_32,2023-08-03,Organic,Tablet,Debit Card
468,user468@email.com,48,Other,AU,City_45,2023-07-03,Social Media,Tablet,PayPal
469,user469@email.com,19,F,DE,City_29,2023-04-03,Organic,Smart TV,Credit Card
470,user470@email.com,51,F,DE,City_30,2023-08-30,Paid Search,Mobile,Credit Card
471,user471@email.com,33,F,DE,City_95,2023-12-03,Organic,Desktop,Debit Card
472,user472@email.com,40,M,UK,City_31,2023-07-18,Social Media,Smart TV,Debit Card
473,user473@email.com,63,Other,CA,City_73,2023-01-15,Paid Search,Desktop,PayPal
474,user474@email.com,37,M,AU,City_5,2023-10-05,Organic,Mobile,Credit Card
475,user475@email.com,32,M,DE,City_62,2023-11-05,Organic,Smart TV,Debit Card
476,user476@email.com,26,F,UK,City_42,2023-04-14,Organic,Mobile,Credit Card
477,user477@email.com,63,M,US,City_68,2023-10-28,Social Media,Mobile,PayPal
478,user478@email.com,60,F,DE,City_13,2023-12-27,Social Media,Smart TV,PayPal
479,user479@email.com,28,Other,AU,City_82,2023-03-11,Referral,Smart TV,Credit Card
480,user480@email.com,53,Other,DE,City_46,2023-12-29,Paid Search,Desktop,PayPal
481,user481@email.com,64,Other,CA,City_17,2023-06-07,Paid Search,Mobile,Debit Card
482,user482@email.com,43,Other,US,City_24,2023-10-21,Social Media,Desktop,Debit Card
483,user483@email.com,24,F,UK,City_43,2023-10-17,Organic,Desktop,PayPal
484,user484@email.com,28,Other,US,City_91,2023-06-13,Social Media,Tablet,Credit Card
485,user485@email.com,31,M,US,City_45,2023-05-16,Social Media,Mobile,Debit Card
486,user486@email.com,21,F,AU,City_94,2023-01-01,Referral,Desktop,PayPal
487,user487@email.com,42,F,DE,City_49,2023-09-10,Organic,Tablet,Debit Card
488,user488@email.com,61,M,UK,City_58,2023-11-30,Organic,Mobile,PayPal
489,user489@email.com,38,F,US,City_10,2023-01-11,Social Media,Desktop,PayPal
490,user490@email.com,64,M,DE,City_12,2023-03-24,Social Media,Tablet,Debit Card
491,user491@email.com,45,Other,UK,City_78,2023-01-16,Referral,Desktop,Credit Card
492,user492@email.com,39,M,UK,City_53,2023-02-21,Social Media,Smart TV,PayPal
493,user493@email.com,24,M,AU,City_74,2023-05-02,Referral,Desktop,Credit Card
494,user494@email.com,18,F,US,City_38,2023-07-04,Referral,Desktop,Credit Card
495,user495@email.com,31,M,CA,City_11,2023-01-14,Referral,Mobile,PayPal
496,user496@email.com,48,F,CA,City_12,2023-07-23,Referral,Desktop,PayPal
497,user497@email.com,41,M,AU,City_6,2023-07-15,Social Media,Tablet,PayPal
498,user498@email.com,32,F,DE,City_8,2023-05-15,Paid Search,Mobile,Credit Card
499,user499@email.com,40,Other,AU,City_97,2023-12-09,Paid Search,Mobile,PayPal
500,user500@email.com,44,Other,AU,City_74,2023-09-25,Paid Search,Tablet,PayPal
501,user501@email.com,43,Other,US,City_65,2023-02-10,Paid Search,Mobile,PayPal
502,user502@email.com,28,M,UK,City_17,2023-03-30,Organic,Tablet,Credit Card
503,user503@email.com,45,M,UK,City_77,2023-12-16,Social Media,Smart TV,Debit Card
504,user504@email.com,23,F,DE,City_51,2023-02-04,Social Media,Smart TV,Debit Card
505,user505@email.com,18,Other,DE,City_76,2023-08-23,Referral,Mobile,PayPal
506,user506@email.com,27,Other,DE,City_75,2023-03-18,Organic,Mobile,Debit Card
507,user507@email.com,36,Other,CA,City_53,2023-02-21,Social Media,Tablet,Debit Card
508,user508@email.com,54,Other,AU,City_5,2023-09-06,Paid Search,Smart TV,PayPal
509,user509@email.com,57,Other,AU,City_5,2023-03-15,Referral,Smart TV,Debit Card
510,user510@email.com,21,Other,AU,City_35,2023-05-02,Social Media,Mobile,PayPal
511,user511@email.com,37,F,AU,City_90,2023-06-05,Organic,Desktop,Credit Card
512,user512@email.com,65,F,CA,City_35,2023-06-03,Referral,Mobile,Credit Card
513,user513@email.com,31,F,AU,City_98,2023-08-15,Social Media,Mobile,Debit Card
514,user514@email.com,22,F,DE,City_52,2023-03-23,Paid Search,Mobile,Credit Card
515,user515@email.com,30,M,UK,City_5,2023-04-09,Referral,Mobile,PayPal
516,user516@email.com,30,F,CA,City_60,2023-12-27,Referral,Mobile,Debit Card
517,user517@email.com,33,F,AU,City_77,2023-01-16,Referral,Desktop,PayPal
518,user518@email.com,53,F,CA,City_21,2023-10-28,Social Media,Mobile,PayPal
519,user519@email.com,42,M,UK,City_74,2023-01-15,Paid Search,Desktop,Debit Card
520,user520@email.com,61,M,CA,City_84,2023-04-26,Referral,Mobile,Debit Card
521,user521@email.com,48,M,UK,City_77,2023-01-05,Organic,Desktop,PayPal
522,user522@email.com,37,Other,CA,City_55,2023-11-08,Referral,Smart TV,PayPal
523,user523@email.com,31,F,CA,City_87,2023-05-10,Referral,Mobile,Credit Card
524,user524@email.com,60,F,DE,City_83,2023-09-19,Social Media,Smart TV,Debit Card
525,user525@email.com,48,M,CA,City_36,2023-02-25,Social Media,Smart TV,PayPal
526,user526@email.com,63,Other,CA,City_25,2023-12-02,Paid Search,Desktop,Credit Card
527,user527@email.com,43,Other,CA,City_88,2023-11-04,Paid Search,Mobile,Debit Card
528,user528@email.com,36,F,AU,City_52,2023-09-12,Referral,Mobile,Debit Card
529,user529@email.com,54,M,CA,City_93,2023-12-29,Paid Search,Tablet,Debit Card
530,user530@email.com,50,F,UK,City_85,2023-07-03,Paid Search,Smart TV,Credit Card
531,user531@email.com,26,Other,CA,City_93,2023-08-30,Paid Search,Smart TV,Debit Card
532,user532@email.com,32,F,UK,City_96,2023-02-15,Social Media,Tablet,PayPal
533,user533@email.com,34,Other,CA,City_60,2023-07-10,Organic,Tablet,Credit Card
534,user534@email.com,55,Other,DE,City_10,2023-11-21,Referral,Desktop,Debit Card
535,user535@email.com,61,F,DE,City_39,2023-03-03,Referral,Mobile,Credit Card
536,user536@email.com,30,F,AU,City_73,2023-03-12,Referral,Desktop,PayPal
537,user537@email.com,23,F,CA,City_81,2023-04-03,Paid Search,Smart TV,Debit Card
538,user538@email.com,18,F,CA,City_27,2023-01-30,Paid Search,Desktop,PayPal
539,user539@email.com,26,Other,AU,City_82,2023-02-15,Referral,Tablet,PayPal
540,user540@email.com,42,M,US,City_69,2023-09-02,Paid Search,Smart TV,Credit Card
541,user541@email.com,51,M,US,City_87,2023-06-14,Organic,Desktop,Credit Card
542,user542@email.com,40,F,UK,City_14,2023-12-22,Referral,Smart TV,Credit Card
543,user543@email.com,20,F,CA,City_59,2023-02-03,Social Media,Tablet,Debit Card
544,user544@email.com,39,F,CA,City_97,2023-03-10,Paid Search,Desktop,PayPal
545,user545@email.com,32,M,UK,City_28,2023-01-10,Organic,Desktop,Credit Card
546,user546@email.com,63,Other,US,City_49,2023-07-07,Social Media,Mobile,Debit Card
547,user547@email.com,60,M,US,City_7,2023-01-25,Organic,Tablet,PayPal
548,user548@email.com,25,Other,CA,City_61,2023-07-14,Paid Search,Desktop,Debit Card
549,user549@email.com,58,M,CA,City_54,2023-12-18,Organic,Smart TV,Debit Card
550,user550@email.com,62,M,AU,City_14,2023-11-07,Organic,Smart TV,Credit Card
551,user551@email.com,49,M,DE,City_26,2023-02-24,Social Media,Desktop,PayPal
552,user552@email.com,44,F,UK,City_6,2023-12-27,Referral,Desktop,Debit Card
553,user553@email.com,39,M,US,City_2,2023-09-04,Organic,Mobile,Debit Card
554,user554@email.com,49,M,US,City_100,2023-12-09,Organic,Mobile,PayPal
555,user555@email.com,32,F,CA,City_34,2023-11-26,Referral,Mobile,Credit Card
556,user556@email.com,20,F,CA,City_87,2023-03-31,Social Media,Tablet,Debit Card
557,user557@email.com,24,M,US,City_18,2023-03-01,Paid Search,Smart TV,PayPal
558,user558@email.com,57,F,US,City_48,2023-08-13,Social Media,Desktop,Credit Card
559,user559@email.com,43,F,CA,City_50,2023-07-25,Referral,Tablet,Debit Card
560,user560@email.com,25,M,US,City_21,2023-03-27,Organic,Tablet,Debit Card
561,user561@email.com,54,Other,AU,City_24,2023-09-05,Referral,Smart TV,Debit Card
562,user562@email.com,61,Other,UK,City_62,2023-01-15,Referral,Mobile,PayPal
563,user563@email.com,20,M,CA,City_84,2023-08-14,Social Media,Mobile,Debit Card
564,user564@email.com,51,Other,DE,City_93,2023-12-14,Paid Search,Smart TV,Debit Card
565,user565@email.com,62,Other,DE,City_13,2023-09-25,Referral,Desktop,PayPal
566,user566@email.com,60,Other,AU,City_20,2023-06-27,Organic,Mobile,Debit Card
567,user567@email.com,50,F,AU,City_22,2023-03-22,Organic,Tablet,PayPal
568,user568@email.com,39,F,US,City_65,2023-05-04,Paid Search,Tablet,PayPal
569,user569@email.com,23,F,AU,City_74,2023-05-01,Referral,Mobile,PayPal
570,user570@email.com,38,M,AU,City_96,2023-08-17,Organic,Mobile,PayPal
571,user571@email.com,20,Other,DE,City_1,2023-07-31,Organic,Smart TV,Debit Card
572,user572@email.com,31,Other,AU,City_44,2023-10-15,Social Media,Mobile,Credit Card
573,user573@email.com,39,Other,DE,City_77,2023-08-21,Referral,Smart TV,Debit Card
574,user574@email.com,25,M,UK,City_1,2023-08-20,Social Media,Smart TV,Debit Card
575,user575@email.com,53,Other,CA,City_90,2023-05-30,Organic,Mobile,Credit Card
576,user576@email.com,26,Other,AU,City_14,2023-09-10,Social Media,Desktop,Credit Card
577,user577@email.com,43,M,AU,City_25,2023-03-03,Social Media,Mobile,PayPal
578,user578@email.com,58,Other,DE,City_16,2023-01-24,Referral,Tablet,Debit Card
579,user579@email.com,50,M,AU,City_1,2023-10-29,Organic,Tablet,Debit Card
580,user580@email.com,50,M,DE,City_23,2023-09-05,Paid Search,Mobile,PayPal
581,user581@email.com,56,Other,CA,City_65,2023-12-03,Referral,Tablet,Debit Card
582,user582@email.com,33,F,AU,City_44,2023-12-21,Social Media,Tablet,Credit Card
583,user583@email.com,44,Other,DE,City_39,2023-03-12,Social Media,Desktop,Credit Card
584,user584@email.com,57,Other,CA,City_88,2023-04-18,Social Media,Desktop,Debit Card
585,user585@email.com,29,Other,DE,City_89,2023-11-29,Social Media,Mobile,PayPal
586,user586@email.com,48,Other,DE,City_86,2023-10-15,Referral,Smart TV,PayPal
587,user587@email.com,51,M,US,City_49,2023-01-07,Paid Search,Mobile,Debit Card
588,user588@email.com,30,F,UK,City_37,2023-01-29,Social Media,Desktop,Credit Card
589,user589@email.com,36,M,DE,City_5,2023-12-20,Social Media,Tablet,Credit Card
590,user590@email.com,61,Other,DE,City_29,2023-11-12,Referral,Desktop,Debit Card
591,user591@email.com,36,Other,US,City_49,2023-12-23,Referral,Tablet,Debit Card
592,user592@email.com,53,M,US,City_96,2023-06-10,Social Media,Desktop,Debit Card
593,user593@email.com,32,Other,CA,City_97,2023-08-15,Paid Search,Desktop,PayPal
594,user594@email.com,29,Other,US,City_24,2023-08-18,Paid Search,Mobile,PayPal
595,user595@email.com,45,F,DE,City_34,2023-01-21,Paid Search,Desktop,Debit Card
596,user596@email.com,18,F,AU,City_91,2023-05-11,Paid Search,Mobile,Credit Card
597,user597@email.com,56,M,DE,City_85,2023-06-15,Social Media,Tablet,Debit Card
598,user598@email.com,40,M,CA,City_68,2023-10-09,Paid Search,Desktop,Debit Card
599,user599@email.com,50,M,AU,City_70,2023-02-04,Referral,Mobile,PayPal
600,user600@email.com,31,Other,CA,City_43,2023-04-24,Social Media,Smart TV,Credit Card
601,user601@email.com,51,F,DE,City_97,2023-11-13,Organic,Mobile,Debit Card
602,user602@email.com,46,M,DE,City_80,2023-06-27,Paid Search,Mobile,Debit Card
603,user603@email.com,42,M,AU,City_33,2023-06-14,Social Media,Mobile,Debit Card
604,user604@email.com,50,Other,AU,City_63,2023-07-11,Organic,Smart TV,Debit Card
605,user605@email.com,38,Other,US,City_13,2023-04-09,Paid Search,Mobile,Debit Card
606,user606@email.com,31,Other,UK,City_88,2023-02-03,Referral,Mobile,Credit Card
607,user607@email.com,62,Other,AU,City_83,2023-10-03,Organic,Desktop,Credit Card
608,user608@email.com,63,F,US,City_12,2023-08-24,Organic,Mobile,Credit Card
609,user609@email.com,53,M,DE,City_30,2023-05-09,Social Media,Tablet,PayPal
610,user610@email.com,58,F,AU,City_41,2023-08-19,Organic,Tablet,Debit Card
611,user611@email.com,52,M,DE,City_9,2023-03-02,Organic,Mobile,PayPal
612,user612@email.com,24,F,CA,City_78,2023-09-15,Organic,Smart TV,PayPal
613,user613@email.com,43,Other,US,City_61,2023-07-15,Paid Search,Desktop,Credit Card
614,user614@email.com,52,F,UK,City_39,2023-07-20,Social Media,Mobile,Debit Card
615,user615@email.com,27,M,US,City_1,2023-10-12,Referral,Mobile,PayPal
616,user616@email.com,65,Other,CA,City_28,2023-04-18,Referral,Desktop,Credit Card
617,user617@email.com,32,Other,CA,City_25,2023-04-05,Organic,Desktop,Debit Card
618,user618@email.com,21,Other,AU,City_83,2023-10-18,Organic,Smart TV,Debit Card
619,user619@email.com,34,M,UK,City_93,2023-02-04,Referral,Smart TV,PayPal
620,user620@email.com,60,Other,UK,City_13,2023-03-07,Social Media,Mobile,Credit Card
621,user621@email.com,49,F,CA,City_79,2023-06-12,Social Media,Desktop,Debit Card
622,user622@email.com,41,F,AU,City_22,2023-10-18,Organic,Smart TV,Credit Card
623,user623@email.com,63,Other,AU,City_36,2023-04-24,Social Media,Desktop,Debit Card
624,user624@email.com,48,F,AU,City_46,2023-06-19,Social Media,Tablet,Debit Card
625,user625@email.com,29,Other,DE,City_11,2023-02-25,Social Media,Desktop,Debit Card
626,user626@email.com,34,Other,US,City_94,2023-04-11,Organic,Mobile,Debit Card
627,user627@email.com,19,Other,DE,City_52,2023-11-20,Paid Search,Mobile,Debit Card
628,user628@email.com,52,Other,AU,City_84,2023-05-14,Paid Search,Smart TV,PayPal
629,user629@email.com,55,Other,CA,City_18,2023-04-25,Referral,Mobile,PayPal
630,user630@email.com,50,M,UK,City_79,2023-07-06,Paid Search,Desktop,PayPal
631,user631@email.com,29,Other,DE,City_85,2023-03-23,Paid Search,Tablet,PayPal
632,user632@email.com,32,F,UK,City_9,2023-01-21,Social Media,Smart TV,Credit Card
633,user633@email.com,60,M,DE,City_47,2023-01-22,Referral,Tablet,PayPal
634,user634@email.com,20,Other,CA,City_14,2023-01-24,Social Media,Smart TV,Debit Card
635,user635@email.com,54,M,AU,City_84,2023-10-06,Referral,Smart TV,Debit Card
636,user636@email.com,22,Other,CA,City_49,2023-12-01,Paid Search,Tablet,PayPal
637,user637@email.com,49,F,DE,City_1,2023-06-26,Paid Search,Tablet,Credit Card
638,user638@email.com,22,Other,CA,City_28,2023-04-28,Paid Search,Desktop,Credit Card
639,user639@email.com,56,Other,US,City_85,2023-07-05,Paid Search,Tablet,PayPal
640,user640@email.com,48,Other,AU,City_62,2023-02-28,Paid Search,Desktop,Debit Card
641,user641@email.com,19,M,US,City_17,2023-07-30,Paid Search,Desktop,Debit Card
642,user642@email.com,20,Other,UK,City_8,2023-09-20,Paid Search,Smart TV,Credit Card
643,user643@email.com,43,Other,DE,City_82,2023-09-22,Organic,Smart TV,Credit Card
644,user644@email.com,46,Other,AU,City_62,2023-04-21,Paid Search,Desktop,PayPal
645,user645@email.com,27,Other,UK,City_80,2023-11-04,Social Media,Desktop,Debit Card
646,user646@email.com,39,F,DE,City_76,2023-12-18,Organic,Desktop,PayPal
647,user647@email.com,26,M,US,City_26,2023-07-17,Referral,Desktop,Debit Card
648,user648@email.com,29,F,DE,City_77,2023-02-19,Organic,Mobile,Credit Card
649,user649@email.com,60,M,DE,City_70,2023-09-04,Organic,Tablet,Debit Card
650,user650@email.com,41,M,DE,City_55,2023-08-04,Paid Search,Tablet,PayPal
651,user651@email.com,55,Other,DE,City_13,2023-06-29,Referral,Desktop,PayPal
652,user652@email.com,32,M,CA,City_77,2023-09-02,Referral,Smart TV,Credit Card
653,user653@email.com,63,Other,US,City_74,2023-01-03,Organic,Mobile,PayPal
654,user654@email.com,31,Other,CA,City_53,2023-12-02,Social Media,Mobile,Credit Card
655,user655@email.com,59,Other,CA,City_34,2023-08-07,Referral,Smart TV,Debit Card
656,user656@email.com,61,F,UK,City_53,2023-05-22,Referral,Desktop,PayPal
657,user657@email.com,53,F,CA,City_40,2023-10-14,Social Media,Tablet,Debit Card
658,user658@email.com,60,M,UK,City_58,2023-03-12,Paid Search,Mobile,Credit Card
659,user659@email.com,43,F,DE,City_79,2023-09-18,Organic,Desktop,PayPal
660,user660@email.com,18,M,UK,City_61,2023-11-22,Referral,Mobile,Credit Card
661,user661@email.com,32,F,US,City_78,2023-05-15,Organic,Tablet,PayPal
662,user662@email.com,59,Other,CA,City_92,2023-11-11,Organic,Desktop,Debit Card
663,user663@email.com,46,M,UK,City_85,2023-09-11,Social Media,Desktop,Credit Card
664,user664@email.com,50,Other,UK,City_79,2023-11-03,Paid Search,Mobile,PayPal
665,user665@email.com,59,M,UK,City_12,2023-05-03,Social Media,Tablet,PayPal
666,user666@email.com,43,F,DE,City_26,2023-12-09,Organic,Mobile,Credit Card
667,user667@email.com,36,Other,DE,City_75,2023-10-09,Social Media,Smart TV,PayPal
668,user668@email.com,56,M,AU,City_52,2023-04-26,Organic,Smart TV,Credit Card
669,user669@email.com,50,M,DE,City_10,2023-07-28,Social Media,Smart TV,Credit Card
670,user670@email.com,34,Other,DE,City_33,2023-09-20,Referral,Tablet,Debit Card
671,user671@email.com,33,F,AU,City_88,2023-09-05,Referral,Mobile,PayPal
672,user672@email.com,34,M,AU,City_82,2023-03-01,Paid Search,Desktop,PayPal
673,user673@email.com,40,Other,DE,City_2,2023-07-31,Social Media,Desktop,PayPal
674,user674@email.com,43,Other,CA,City_10,2023-02-17,Paid Search,Tablet,PayPal
675,user675@email.com,31,Other,CA,City_24,2023-07-01,Paid Search,Tablet,Debit Card
676,user676@email.com,33,Other,UK,City_34,2023-04-13,Paid Search,Desktop,Credit Card
677,user677@email.com,57,F,UK,City_100,2023-05-08,Organic,Mobile,Credit Card
678,user678@email.com,60,F,DE,City_1,2023-12-13,Organic,Tablet,PayPal
679,user679@email.com,38,F,DE,City_36,2023-11-14,Referral,Desktop,Debit Card
680,user680@email.com,43,M,DE,City_17,2023-05-24,Organic,Tablet,PayPal
681,user681@email.com,20,Other,CA,City_51,2023-10-04,Paid Search,Tablet,Credit Card
682,user682@email.com,51,F,CA,City_89,2023-12-24,Organic,Mobile,Debit Card
683,user683@email.com,42,Other,US,City_42,2023-04-18,Social Media,Smart TV,Credit Card
684,user684@email.com,34,M,CA,City_61,2023-10-08,Social Media,Smart TV,Credit Card
685,user685@email.com,45,M,AU,City_90,2023-09-13,Social Media,Smart TV,PayPal
686,user686@email.com,46,M,DE,City_17,2023-05-24,Paid Search,Mobile,Debit Card
687,user687@email.com,33,Other,AU,City_49,2023-05-19,Paid Search,Desktop,Debit Card
688,user688@email.com,48,M,UK,City_54,2023-03-18,Referral,Desktop,Debit Card
689,user689@email.com,52,Other,CA,City_63,2023-09-22,Social Media,Smart TV,Debit Card
690,user690@email.com,21,F,US,City_89,2023-10-18,Paid Search,Mobile,Credit Card
691,user691@email.com,48,Other,US,City_58,2023-05-11,Social Media,Smart TV,PayPal
692,user692@email.com,53,Other,CA,City_45,2023-07-04,Organic,Tablet,Credit Card
693,user693@email.com,61,Other,UK,City_74,2023-06-29,Paid Search,Smart TV,PayPal
694,user694@email.com,61,Other,AU,City_100,2023-06-16,Referral,Mobile,PayPal
695,user695@email.com,36,F,UK,City_22,2023-11-11,Social Media,Tablet,Debit Card
696,user696@email.com,54,F,US,City_11,2023-11-10,Paid Search,Smart TV,Credit Card
697,user697@email.com,38,Other,CA,City_91,2023-06-10,Social Media,Tablet,PayPal
698,user698@email.com,41,Other,DE,City_67,2023-08-16,Referral,Tablet,Credit Card
699,user699@email.com,19,M,UK,City_85,2023-04-05,Social Media,Mobile,Credit Card
700,user700@email.com,43,M,US,City_9,2023-03-27,Referral,Mobile,Credit Card
701,user701@email.com,51,M,US,City_34,2023-07-23,Paid Search,Mobile,Debit Card
702,user702@email.com,37,M,UK,City_95,2023-07-19,Social Media,Tablet,Debit Card
703,user703@email.com,26,Other,UK,City_4,2023-03-06,Organic,Smart TV,PayPal
704,user704@email.com,47,Other,CA,City_71,2023-09-01,Referral,Desktop,Debit Card
705,user705@email.com,29,Other,DE,City_59,2023-10-04,Referral,Smart TV,PayPal
706,user706@email.com,52,M,US,City_57,2023-09-04,Social Media,Smart TV,PayPal
707,user707@email.com,27,F,US,City_1,2023-05-14,Paid Search,Smart TV,PayPal
708,user708@email.com,52,M,AU,City_97,2023-08-29,Referral,Smart TV,Credit Card
709,user709@email.com,36,Other,UK,City_1,2023-08-09,Social Media,Desktop,PayPal
710,user710@email.com,45,F,UK,City_21,2023-10-15,Referral,Tablet,Credit Card
711,user711@email.com,23,F,UK,City_67,2023-05-15,Social Media,Smart TV,Debit Card
712,user712@email.com,35,F,UK,City_9,2023-09-30,Paid Search,Desktop,PayPal
713,user713@email.com,58,F,DE,City_58,2023-02-26,Social Media,Tablet,Credit Card
714,user714@email.com,19,M,US,City_69,2023-06-14,Organic,Desktop,Credit Card
715,user715@email.com,35,M,AU,City_94,2023-05-25,Organic,Desktop,Credit Card
716,user716@email.com,18,F,UK,City_44,2023-03-19,Referral,Smart TV,PayPal
717,user717@email.com,47,Other,US,City_43,2023-07-10,Organic,Desktop,Credit Card
718,user718@email.com,43,M,DE,City_61,2023-05-17,Paid Search,Desktop,PayPal
719,user719@email.com,18,M,UK,City_50,2023-07-15,Referral,Desktop,Debit Card
720,user720@email.com,30,F,US,City_67,2023-01-18,Paid Search,Tablet,PayPal
721,user721@email.com,37,F,UK,City_81,2023-12-15,Organic,Mobile,PayPal
722,user722@email.com,58,F,UK,City_47,2023-09-04,Organic,Desktop,Credit Card
723,user723@email.com,58,F,CA,City_2,2023-05-01,Paid Search,Smart TV,Debit Card
724,user724@email.com,43,M,US,City_6,2023-03-03,Referral,Desktop,PayPal
725,user725@email.com,33,M,AU,City_12,2023-02-15,Social Media,Mobile,Credit Card
726,user726@email.com,59,M,DE,City_14,2023-07-02,Paid Search,Tablet,Credit Card
727,user727@email.com,53,Other,CA,City_57,2023-06-12,Paid Search,Mobile,Debit Card
728,user728@email.com,40,Other,UK,City_33,2023-07-13,Organic,Tablet,Debit Card
729,user729@email.com,53,F,DE,City_90,2023-08-13,Referral,Desktop,Debit Card
730,user730@email.com,52,F,CA,City_94,2023-04-06,Referral,Smart TV,Debit Card
731,user731@email.com,28,M,DE,City_20,2023-10-11,Referral,Smart TV,PayPal
732,user732@email.com,41,F,US,City_100,2023-10-05,Referral,Desktop,Credit Card
733,user733@email.com,41,Other,UK,City_42,2023-11-14,Organic,Tablet,Credit Card
734,user734@email.com,61,F,DE,City_20,2023-09-26,Social Media,Smart TV,PayPal
735,user735@email.com,38,M,US,City_67,2023-11-25,Organic,Mobile,Credit Card
736,user736@email.com,20,M,US,City_63,2023-04-02,Paid Search,Mobile,Credit Card
737,user737@email.com,59,F,AU,City_68,2023-10-20,Social Media,Mobile,PayPal
738,user738@email.com,56,Other,US,City_2,2023-04-24,Paid Search,Tablet,Credit Card
739,user739@email.com,58,M,CA,City_72,2023-08-28,Referral,Smart TV,Debit Card
740,user740@email.com,57,F,DE,City_6,2023-01-30,Organic,Smart TV,Credit Card
741,user741@email.com,51,M,US,City_93,2023-04-21,Paid Search,Tablet,Credit Card
742,user742@email.com,51,Other,UK,City_73,2023-04-09,Paid Search,Tablet,Debit Card
743,user743@email.com,58,Other,CA,City_87,2023-02-24,Referral,Tablet,Credit Card
744,user744@email.com,29,Other,AU,City_65,2023-03-27,Social Media,Desktop,Debit Card
745,user745@email.com,46,F,CA,City_71,2023-11-04,Social Media,Smart TV,PayPal
746,user746@email.com,45,Other,CA,City_78,2023-11-21,Paid Search,Desktop,PayPal
747,user747@email.com,65,F,CA,City_58,2023-10-09,Referral,Tablet,Credit Card
748,user748@email.com,36,Other,US,City_67,2023-01-18,Paid Search,Smart TV,Credit Card
749,user749@email.com,32,M,CA,City_3,2023-06-03,Social Media,Desktop,Credit Card
750,user750@email.com,47,F,UK,City_18,2023-01-20,Social Media,Smart TV,Debit Card
751,user751@email.com,32,F,CA,City_12,2023-05-08,Referral,Desktop,Debit Card
752,user752@email.com,64,F,AU,City_23,2023-02-09,Referral,Mobile,Debit Card
753,user753@email.com,37,M,DE,City_49,2023-11-25,Organic,Mobile,PayPal
754,user754@email.com,45,F,US,City_99,2023-06-28,Paid Search,Mobile,Debit Card
755,user755@email.com,42,M,CA,City_68,2023-11-20,Organic,Smart TV,Debit Card
756,user756@email.com,27,F,DE,City_90,2023-10-17,Paid Search,Desktop,Credit Card
757,user757@email.com,64,F,AU,City_97,2023-12-11,Organic,Desktop,PayPal
758,user758@email.com,43,M,UK,City_44,2023-05-29,Organic,Tablet,Debit Card
759,user759@email.com,53,F,CA,City_11,2023-01-26,Referral,Tablet,Debit Card
760,user760@email.com,26,F,DE,City_26,2023-03-08,Referral,Tablet,Debit Card
761,user761@email.com,30,Other,DE,City_95,2023-10-20,Paid Search,Desktop,Credit Card
762,user762@email.com,45,F,DE,City_12,2023-05-17,Organic,Tablet,PayPal
763,user763@email.com,40,M,CA,City_45,2023-07-07,Organic,Smart TV,Credit Card
764,user764@email.com,57,F,DE,City_19,2023-06-29,Referral,Mobile,Credit Card
765,user765@email.com,61,F,UK,City_97,2023-04-13,Organic,Mobile,Debit Card
766,user766@email.com,33,Other,UK,City_37,2023-01-28,Organic,Smart TV,Debit Card
767,user767@email.com,37,F,AU,City_3,2023-02-26,Social Media,Desktop,Debit Card
768,user768@email.com,31,M,DE,City_67,2023-10-03,Social Media,Tablet,Debit Card
769,user769@email.com,62,Other,US,City_49,2023-03-14,Organic,Smart TV,Credit Card
770,user770@email.com,36,M,DE,City_35,2023-01-31,Organic,Tablet,Debit Card
771,user771@email.com,22,F,CA,City_85,2023-01-05,Social Media,Mobile,Credit Card
772,user772@email.com,59,F,UK,City_49,2023-05-30,Organic,Smart TV,PayPal
773,user773@email.com,52,M,UK,City_26,2023-11-02,Referral,Mobile,Credit Card
774,user774@email.com,51,F,CA,City_63,2023-05-07,Referral,Desktop,Credit Card
775,user775@email.com,61,F,CA,City_81,2023-06-27,Social Media,Desktop,Debit Card
776,user776@email.com,21,Other,CA,City_50,2023-05-22,Organic,Smart TV,Credit Card
777,user777@email.com,39,F,UK,City_12,2023-03-19,Referral,Desktop,PayPal
778,user778@email.com,54,M,AU,City_40,2023-05-04,Social Media,Tablet,Debit Card
779,user779@email.com,31,Other,UK,City_75,2023-03-09,Paid Search,Desktop,PayPal
780,user780@email.com,63,Other,UK,City_56,2023-12-19,Paid Search,Desktop,PayPal
781,user781@email.com,53,Other,US,City_24,2023-02-04,Social Media,Desktop,Debit Card
782,user782@email.com,38,F,AU,City_39,2023-01-16,Referral,Smart TV,Credit Card
783,user783@email.com,24,M,UK,City_4,2023-04-07,Social Media,Desktop,Debit Card
784,user784@email.com,32,Other,US,City_46,2023-04-29,Organic,Tablet,Credit Card
785,user785@email.com,56,F,CA,City_24,2023-09-15,Referral,Tablet,PayPal
786,user786@email.com,28,M,UK,City_5,2023-03-12,Referral,Mobile,PayPal
787,user787@email.com,32,Other,UK,City_97,2023-07-31,Paid Search,Mobile,Credit Card
788,user788@email.com,57,F,CA,City_59,2023-08-13,Paid Search,Tablet,PayPal
789,user789@email.com,56,Other,AU,City_93,2023-01-22,Social Media,Tablet,Debit Card
790,user790@email.com,56,Other,DE,City_83,2023-10-20,Organic,Mobile,PayPal
791,user791@email.com,20,M,DE,City_69,2023-08-22,Referral,Mobile,Debit Card
792,user792@email.com,51,Other,US,City_25,2023-07-18,Social Media,Tablet,PayPal
793,user793@email.com,36,F,UK,City_55,2023-06-05,Social Media,Mobile,Debit Card
794,user794@email.com,27,F,AU,City_12,2023-09-22,Organic,Desktop,Debit Card
795,user795@email.com,52,M,AU,City_53,2023-12-23,Social Media,Tablet,Credit Card
796,user796@email.com,47,Other,UK,City_59,2023-04-02,Organic,Smart TV,PayPal
797,user797@email.com,59,Other,UK,City_92,2023-12-21,Organic,Mobile,Credit Card
798,user798@email.com,46,Other,CA,City_11,2023-12-28,Referral,Desktop,PayPal
799,user799@email.com,42,M,UK,City_43,2023-10-09,Paid Search,Desktop,Credit Card
800,user800@email.com,63,M,AU,City_40,2023-04-02,Social Media,Tablet,PayPal
801,user801@email.com,29,M,UK,City_26,2023-11-17,Organic,Smart TV,Credit Card
802,user802@email.com,49,F,DE,City_1,2023-08-23,Referral,Desktop,Credit Card
803,user803@email.com,60,F,AU,City_53,2023-10-29,Referral,Mobile,Debit Card
804,user804@email.com,18,M,DE,City_36,2023-11-04,Paid Search,Mobile,Credit Card
805,user805@email.com,21,Other,CA,City_5,2023-03-17,Paid Search,Mobile,Debit Card
806,user806@email.com,56,F,CA,City_12,2023-10-23,Organic,Mobile,PayPal
807,user807@email.com,28,Other,CA,City_79,2023-04-02,Paid Search,Tablet,Debit Card
808,user808@email.com,41,M,US,City_99,2023-10-24,Social Media,Smart TV,PayPal
809,user809@email.com,22,F,DE,City_9,2023-07-14,Social Media,Tablet,Credit Card
810,user810@email.com,62,F,CA,City_68,2023-03-04,Referral,Desktop,Debit Card
811,user811@email.com,57,M,US,City_74,2023-04-18,Organic,Tablet,Debit Card
812,user812@email.com,56,Other,CA,City_55,2023-12-19,Social Media,Smart TV,Debit Card
813,user813@email.com,57,F,UK,City_79,2023-10-22,Referral,Tablet,PayPal
814,user814@email.com,57,M,CA,City_25,2023-04-03,Organic,Mobile,Credit Card
815,user815@email.com,58,M,UK,City_79,2023-08-27,Referral,Tablet,Credit Card
816,user816@email.com,40,Other,UK,City_2,2023-06-20,Paid Search,Smart TV,PayPal
817,user817@email.com,37,F,DE,City_71,2023-02-04,Social Media,Mobile,Credit Card
818,user818@email.com,39,F,AU,City_93,2023-12-18,Organic,Desktop,Credit Card
819,user819@email.com,39,Other,AU,City_61,2023-06-19,Organic,Desktop,PayPal
820,user820@email.com,58,F,DE,City_43,2023-03-21,Referral,Tablet,Debit Card
821,user821@email.com,51,F,DE,City_93,2023-01-29,Social Media,Mobile,Credit Card
822,user822@email.com,61,F,CA,City_9,2023-10-23,Paid Search,Smart TV,Credit Card
823,user823@email.com,42,Other,DE,City_22,2023-06-23,Referral,Desktop,Debit Card
824,user824@email.com,37,Other,CA,City_91,2023-03-01,Organic,Smart TV,PayPal
825,user825@email.com,49,M,CA,City_58,2023-02-14,Social Media,Desktop,Debit Card
826,user826@email.com,29,M,CA,City_5,2023-06-04,Paid Search,Mobile,PayPal
827,user827@email.com,19,F,DE,City_20,2023-09-17,Paid Search,Smart TV,PayPal
828,user828@email.com,37,F,UK,City_99,2023-09-26,Organic,Desktop,Credit Card
829,user829@email.com,47,F,DE,City_15,2023-01-19,Organic,Smart TV,Credit Card
830,user830@email.com,56,M,CA,City_60,2023-12-18,Organic,Mobile,Debit Card
831,user831@email.com,65,F,US,City_74,2023-12-04,Social Media,Desktop,PayPal
832,user832@email.com,30,F,CA,City_69,2023-04-13,Social Media,Tablet,Debit Card
833,user833@email.com,35,M,UK,City_36,2023-03-02,Organic,Mobile,Debit Card
834,user834@email.com,50,M,UK,City_70,2023-10-14,Social Media,Smart TV,PayPal
835,user835@email.com,63,F,DE,City_32,2023-03-14,Paid Search,Mobile,PayPal
836,user836@email.com,39,Other,AU,City_7,2023-11-10,Paid Search,Mobile,PayPal
837,user837@email.com,21,M,AU,City_7,2023-12-12,Organic,Tablet,PayPal
838,user838@email.com,63,Other,DE,City_81,2023-04-02,Referral,Smart TV,PayPal
839,user839@email.com,30,Other,DE,City_11,2023-06-20,Referral,Desktop,Credit Card
840,user840@email.com,47,M,AU,City_40,2023-12-24,Referral,Tablet,Credit Card
841,user841@email.com,27,Other,CA,City_47,2023-04-25,Referral,Desktop,Debit Card
842,user842@email.com,39,F,AU,City_63,2023-12-07,Organic,Mobile,PayPal
843,user843@email.com,40,F,AU,City_22,2023-02-27,Social Media,Smart TV,Debit Card
844,user844@email.com,26,Other,US,City_52,2023-10-22,Organic,Smart TV,Debit Card
845,user845@email.com,22,F,DE,City_60,2023-11-29,Referral,Tablet,Credit Card
846,user846@email.com,33,Other,UK,City_62,2023-11-14,Referral,Mobile,PayPal
847,user847@email.com,62,Other,AU,City_56,2023-04-17,Social Media,Desktop,Credit Card
848,user848@email.com,60,M,DE,City_63,2023-12-06,Organic,Tablet,PayPal
849,user849@email.com,24,F,UK,City_40,2023-10-12,Referral,Mobile,Debit Card
850,user850@email.com,61,Other,AU,City_42,2023-02-25,Referral,Mobile,Credit Card
851,user851@email.com,26,Other,US,City_97,2023-04-22,Paid Search,Desktop,PayPal
852,user852@email.com,36,F,DE,City_74,2023-09-30,Referral,Desktop,Credit Card
853,user853@email.com,38,F,DE,City_87,2023-12-15,Social Media,Tablet,Debit Card
854,user854@email.com,23,Other,US,City_79,2023-06-26,Referral,Desktop,PayPal
855,user855@email.com,41,Other,US,City_1,2023-02-01,Social Media,Mobile,PayPal
856,user856@email.com,33,F,DE,City_51,2023-01-16,Social Media,Tablet,PayPal
857,user857@email.com,45,Other,UK,City_85,2023-07-15,Paid Search,Tablet,Credit Card
858,user858@email.com,53,F,CA,City_54,2023-04-07,Paid Search,Smart TV,Debit Card
859,user859@email.com,26,M,US,City_83,2023-03-06,Organic,Desktop,Debit Card
860,user860@email.com,60,F,UK,City_11,2023-09-07,Paid Search,Tablet,PayPal
861,user861@email.com,56,F,DE,City_24,2023-12-23,Referral,Tablet,Debit Card
862,user862@email.com,42,F,UK,City_24,2023-08-19,Referral,Mobile,Debit Card
863,user863@email.com,64,M,DE,City_35,2023-09-13,Referral,Smart TV,Credit Card
864,user864@email.com,54,F,CA,City_15,2023-01-20,Referral,Mobile,Credit Card
865,user865@email.com,35,F,DE,City_11,2023-09-27,Organic,Desktop,PayPal
866,user866@email.com,65,Other,US,City_88,2023-11-19,Social Media,Mobile,PayPal
867,user867@email.com,18,F,AU,City_66,2023-10-01,Referral,Smart TV,PayPal
868,user868@email.com,36,F,UK,City_5,2023-06-30,Social Media,Smart TV,Credit Card
869,user869@email.com,48,Other,UK,City_74,2023-11-19,Organic,Smart TV,Debit Card
870,user870@email.com,19,F,AU,City_11,2023-11-16,Paid Search,Mobile,PayPal
871,user871@email.com,26,Other,CA,City_36,2023-05-10,Social Media,Mobile,Debit Card
872,user872@email.com,56,M,DE,City_95,2023-02-27,Paid Search,Tablet,PayPal
873,user873@email.com,34,Other,UK,City_63,2023-03-31,Paid Search,Mobile,PayPal
874,user874@email.com,27,Other,UK,City_64,2023-02-13,Referral,Tablet,Credit Card
875,user875@email.com,46,Other,UK,City_27,2023-12-05,Social Media,Mobile,Debit Card
876,user876@email.com,25,M,UK,City_60,2023-05-16,Referral,Tablet,PayPal
877,user877@email.com,65,Other,UK,City_49,2023-09-01,Referral,Tablet,PayPal
878,user878@email.com,51,F,US,City_37,2023-03-16,Referral,Tablet,Debit Card
879,user879@email.com,51,Other,US,City_13,2023-06-11,Social Media,Tablet,Debit Card
880,user880@email.com,35,F,CA,City_35,2023-11-30,Organic,Smart TV,Debit Card
881,user881@email.com,43,F,UK,City_94,2023-10-27,Paid Search,Smart TV,Debit Card
882,user882@email.com,29,F,DE,City_2,2023-12-20,Organic,Mobile,Credit Card
883,user883@email.com,24,Other,US,City_88,2023-07-30,Referral,Smart TV,Credit Card
884,user884@email.com,34,M,US,City_4,2023-05-26,Organic,Mobile,Debit Card
885,user885@email.com,31,Other,US,City_91,2023-12-03,Organic,Mobile,Debit Card
886,user886@email.com,42,Other,DE,City_24,2023-03-08,Organic,Desktop,PayPal
887,user887@email.com,47,Other,US,City_82,2023-05-31,Referral,Smart TV,PayPal
888,user888@email.com,60,F,CA,City_21,2023-12-21,Organic,Smart TV,Credit Card
889,user889@email.com,42,F,US,City_34,2023-07-15,Social Media,Desktop,PayPal
890,user890@email.com,49,M,DE,City_51,2023-02-05,Paid Search,Tablet,Credit Card
891,user891@email.com,52,F,UK,City_79,2023-03-15,Organic,Tablet,Debit Card
892,user892@email.com,24,M,US,City_10,2023-05-13,Social Media,Tablet,Credit Card
893,user893@email.com,27,Other,US,City_5,2023-09-12,Referral,Smart TV,Credit Card
894,user894@email.com,39,F,DE,City_1,2023-12-25,Referral,Tablet,PayPal
895,user895@email.com,64,M,DE,City_29,2023-07-26,Organic,Tablet,Debit Card
896,user896@email.com,25,Other,DE,City_46,2023-09-04,Social Media,Smart TV,PayPal
897,user897@email.com,58,Other,US,City_47,2023-01-29,Social Media,Mobile,PayPal
898,user898@email.com,59,M,UK,City_71,2023-05-29,Organic,Tablet,Debit Card
899,user899@email.com,37,Other,AU,City_14,2023-04-08,Social Media,Tablet,Credit Card
900,user900@email.com,46,Other,UK,City_18,2023-11-20,Organic,Desktop,Credit Card
901,user901@email.com,33,F,AU,City_9,2023-10-31,Social Media,Tablet,Debit Card
902,user902@email.com,19,M,CA,City_8,2023-08-19,Social Media,Mobile,PayPal
903,user903@email.com,31,Other,DE,City_59,2023-03-02,Paid Search,Desktop,Credit Card
904,user904@email.com,65,M,AU,City_84,2023-01-19,Organic,Tablet,Debit Card
905,user905@email.com,33,Other,UK,City_2,2023-01-24,Paid Search,Mobile,PayPal
906,user906@email.com,47,Other,UK,City_76,2023-02-19,Organic,Mobile,Credit Card
907,user907@email.com,56,Other,UK,City_9,2023-09-12,Paid Search,Tablet,PayPal
908,user908@email.com,43,F,US,City_88,2023-12-14,Paid Search,Smart TV,Credit Card
909,user909@email.com,55,M,CA,City_9,2023-01-24,Organic,Smart TV,Credit Card
910,user910@email.com,28,Other,CA,City_71,2023-08-01,Paid Search,Tablet,Credit Card
911,user911@email.com,20,M,US,City_81,2023-10-25,Referral,Desktop,Credit Card
912,user912@email.com,23,M,US,City_23,2023-09-07,Organic,Smart TV,PayPal
913,user913@email.com,48,Other,UK,City_27,2023-12-22,Paid Search,Smart TV,Debit Card
914,user914@email.com,44,M,UK,City_79,2023-08-19,Organic,Desktop,Debit Card
915,user915@email.com,57,M,CA,City_45,2023-09-13,Referral,Mobile,Debit Card
916,user916@email.com,30,M,DE,City_13,2023-05-01,Social Media,Desktop,PayPal
917,user917@email.com,60,M,CA,City_7,2023-11-17,Paid Search,Mobile,Credit Card
918,user918@email.com,48,F,UK,City_21,2023-12-17,Organic,Mobile,Debit Card
919,user919@email.com,36,M,AU,City_33,2023-07-06,Social Media,Tablet,Credit Card
920,user920@email.com,65,M,DE,City_23,2023-02-23,Paid Search,Mobile,PayPal
921,user921@email.com,25,M,UK,City_93,2023-09-21,Referral,Smart TV,PayPal
922,user922@email.com,65,Other,CA,City_30,2023-04-12,Organic,Smart TV,Credit Card
923,user923@email.com,33,Other,AU,City_26,2023-02-20,Referral,Desktop,Credit Card
924,user924@email.com,55,F,US,City_56,2023-08-30,Paid Search,Desktop,Debit Card
925,user925@email.com,29,F,CA,City_18,2023-08-21,Referral,Desktop,Debit Card
926,user926@email.com,35,M,CA,City_17,2023-07-03,Organic,Mobile,PayPal
927,user927@email.com,25,F,AU,City_54,2023-03-11,Paid Search,Smart TV,Credit Card
928,user928@email.com,56,M,DE,City_22,2023-06-01,Paid Search,Mobile,PayPal
929,user929@email.com,49,M,DE,City_61,2023-09-25,Referral,Smart TV,Credit Card
930,user930@email.com,65,M,UK,City_42,2023-08-08,Referral,Desktop,Debit Card
931,user931@email.com,54,M,AU,City_6,2023-03-18,Organic,Tablet,Debit Card
932,user932@email.com,20,F,DE,City_51,2023-09-16,Referral,Mobile,PayPal
933,user933@email.com,33,M,DE,City_97,2023-09-11,Organic,Tablet,Credit Card
934,user934@email.com,40,F,UK,City_83,2023-03-09,Organic,Mobile,PayPal
935,user935@email.com,37,M,AU,City_74,2023-12-09,Organic,Tablet,PayPal
936,user936@email.com,63,F,UK,City_48,2023-03-12,Referral,Mobile,Debit Card
937,user937@email.com,42,Other,CA,City_68,2023-02-06,Organic,Smart TV,PayPal
938,user938@email.com,62,Other,DE,City_74,2023-05-19,Paid Search,Mobile,Debit Card
939,user939@email.com,65,M,DE,City_87,2023-06-21,Social Media,Mobile,Credit Card
940,user940@email.com,41,F,DE,City_6,2023-07-16,Social Media,Smart TV,Credit Card
941,user941@email.com,53,Other,US,City_72,2023-11-28,Paid Search,Desktop,PayPal
942,user942@email.com,52,M,AU,City_95,2023-05-03,Paid Search,Desktop,PayPal
943,user943@email.com,35,Other,AU,City_36,2023-06-30,Organic,Mobile,PayPal
944,user944@email.com,46,F,DE,City_68,2023-06-26,Organic,Tablet,Debit Card
945,user945@email.com,61,Other,CA,City_58,2023-09-30,Social Media,Mobile,Credit Card
946,user946@email.com,23,M,AU,City_23,2023-08-23,Social Media,Mobile,Credit Card
947,user947@email.com,35,M,UK,City_64,2023-03-26,Paid Search,Desktop,Debit Card
948,user948@email.com,19,F,AU,City_88,2023-11-18,Paid Search,Tablet,PayPal
949,user949@email.com,46,Other,US,City_38,2023-08-04,Paid Search,Mobile,Credit Card
950,user950@email.com,51,Other,CA,City_53,2023-04-29,Social Media,Smart TV,PayPal
951,user951@email.com,60,Other,DE,City_71,2023-10-31,Referral,Tablet,PayPal
952,user952@email.com,26,F,UK,City_34,2023-10-18,Paid Search,Tablet,PayPal
953,user953@email.com,21,M,CA,City_37,2023-05-28,Referral,Desktop,Debit Card
954,user954@email.com,63,Other,CA,City_24,2023-03-24,Paid Search,Desktop,Credit Card
955,user955@email.com,25,M,CA,City_74,2023-05-02,Paid Search,Tablet,PayPal
956,user956@email.com,29,M,DE,City_91,2023-07-09,Organic,Smart TV,PayPal
957,user957@email.com,41,F,DE,City_21,2023-03-17,Social Media,Mobile,Credit Card
958,user958@email.com,49,M,AU,City_41,2023-07-27,Paid Search,Mobile,Debit Card
959,user959@email.com,50,F,CA,City_61,2023-10-07,Social Media,Desktop,Debit Card
960,user960@email.com,39,Other,US,City_94,2023-08-15,Referral,Mobile,Credit Card
961,user961@email.com,53,M,CA,City_4,2023-12-14,Referral,Desktop,PayPal
962,user962@email.com,23,F,US,City_78,2023-07-02,Paid Search,Desktop,PayPal
963,user963@email.com,19,M,DE,City_58,2023-04-11,Organic,Tablet,Credit Card
964,user964@email.com,38,Other,DE,City_66,2023-09-09,Organic,Smart TV,PayPal
965,user965@email.com,63,F,CA,City_50,2023-03-17,Social Media,Mobile,PayPal
966,user966@email.com,40,F,AU,City_72,2023-06-26,Organic,Desktop,Debit Card
967,user967@email.com,65,F,AU,City_37,2023-08-16,Paid Search,Tablet,Debit Card
968,user968@email.com,26,Other,DE,City_12,2023-08-01,Paid Search,Desktop,PayPal
969,user969@email.com,51,F,US,City_76,2023-09-01,Referral,Mobile,Credit Card
970,user970@email.com,58,F,AU,City_23,2023-07-29,Referral,Desktop,Credit Card
971,user971@email.com,42,F,DE,City_63,2023-04-06,Organic,Smart TV,Debit Card
972,user972@email.com,49,Other,AU,City_29,2023-06-05,Organic,Mobile,Credit Card
973,user973@email.com,37,Other,AU,City_16,2023-05-15,Social Media,Tablet,Credit Card
974,user974@email.com,62,Other,UK,City_4,2023-09-09,Organic,Smart TV,PayPal
975,user975@email.com,56,Other,CA,City_75,2023-02-04,Referral,Tablet,PayPal
976,user976@email.com,61,F,US,City_48,2023-11-18,Organic,Smart TV,Credit Card
977,user977@email.com,21,M,CA,City_60,2023-10-25,Paid Search,Smart TV,Credit Card
978,user978@email.com,35,F,AU,City_82,2023-01-28,Social Media,Mobile,PayPal
979,user979@email.com,51,Other,US,City_66,2023-05-30,Paid Search,Desktop,Credit Card
980,user980@email.com,28,Other,CA,City_41,2023-11-03,Social Media,Smart TV,Debit Card
981,user981@email.com,62,F,US,City_69,2023-12-24,Social Media,Desktop,Credit Card
982,user982@email.com,51,F,CA,City_100,2023-03-12,Referral,Tablet,PayPal
983,user983@email.com,24,M,UK,City_65,2023-03-25,Paid Search,Desktop,Debit Card
984,user984@email.com,62,Other,DE,City_92,2023-11-11,Organic,Tablet,PayPal
985,user985@email.com,25,M,US,City_62,2023-02-09,Social Media,Smart TV,Debit Card
986,user986@email.com,26,F,DE,City_67,2023-07-05,Social Media,Desktop,Debit Card
987,user987@email.com,19,Other,US,City_29,2023-06-05,Paid Search,Desktop,Debit Card
988,user988@email.com,37,M,UK,City_17,2023-04-27,Organic,Tablet,Debit Card
989,user989@email.com,22,M,AU,City_97,2023-02-27,Referral,Mobile,Credit Card
990,user990@email.com,20,Other,DE,City_76,2023-02-25,Organic,Tablet,Credit Card
991,user991@email.com,20,M,CA,City_86,2023-05-10,Organic,Mobile,Credit Card
992,user992@email.com,31,Other,UK,City_24,2023-11-05,Social Media,Mobile,Credit Card
993,user993@email.com,65,F,DE,City_45,2023-03-16,Social Media,Desktop,Debit Card
994,user994@email.com,33,Other,DE,City_9,2023-11-10,Organic,Mobile,Debit Card
995,user995@email.com,63,M,CA,City_22,2023-04-22,Organic,Mobile,Credit Card
996,user996@email.com,63,F,CA,City_90,2023-09-16,Paid Search,Tablet,Debit Card
997,user997@email.com,29,F,AU,City_55,2023-02-24,Paid Search,Desktop,PayPal
998,user998@email.com,38,M,AU,City_15,2023-02-27,Paid Search,Tablet,PayPal
999,user999@email.com,36,Other,US,City_11,2023-12-27,Social Media,Tablet,Credit Card
1000,user1000@email.com,36,F,DE,City_95,2023-07-17,Social Media,Tablet,Credit Card
